,이름,가격,url
0,NCT DREAM The 2nd Album - Glitch Mode (Photobook Ver.),"₩17,800 ",/product/nct-dream-the-2nd-album-glitch-mode-photobook-ver/15828/category/53/display/3/
1,NCT U 4X6 PHOTO + PHOTO CARD SET - Universe,"₩7,000",/product/nct-u-4x6-photo-photo-card-set-universe/15540/category/53/display/3/
2,NCT BINDER + PHOTO CARD SET - Universe,"₩25,000",/product/nct-binder-photo-card-set-universe/15285/category/53/display/3/
3,NCT DREAM NCTzen DREAM-ACE Membership,"₩35,000",/product/nct-dream-nctzen-dream-ace-membership/16447/category/53/display/3/
4,NCT DREAM 3D LENTICULAR CARD SET - Hello Future,"₩7,000",/product/nct-dream-3d-lenticular-card-set-hello-future/12763/category/53/display/3/
5,NCT 127 6th Anniversary Lucky Card Set,"₩9,000",/product/nct-127-6th-anniversary-lucky-card-set/16897/category/53/display/3/
6,NCT DREAM POSTCARD + HOLOGRAM PHOTO CARD SET - Hello Future,"₩8,000",/product/nct-dream-postcard-hologram-photo-card-set-hello-future/12760/category/53/display/3/
7,NCT DREAM 4X6 PHOTO SET - Beatbox,"₩7,000",/product/nct-dream-4x6-photo-set-beatbox/16959/category/53/display/3/
8,[NCT x SANRIO CHARACTERS]NCT MOUSE PAD,"₩5,500",/product/nct-x-sanrio-charactersnct-mouse-pad/16766/category/53/display/3/
9,NCT DREAM POSTCARD + HOLOGRAM PHOTO CARD SET - Glitch Mode,"₩8,000",/product/nct-dream-postcard-hologram-photo-card-set-glitch-mode/16000/category/53/display/3/
10,NCT 127 SMCU EMBLEM BADGE - SMCU EXPRESS@KWANGYA,"₩23,000",/product/nct-127-smcu-emblem-badge-smcu-expresskwangya/15063/category/53/display/3/
11,NCT DREAM POSTCARD BOOK - Beatbox,"₩11,000",/product/nct-dream-postcard-book-beatbox/16960/category/53/display/3/
12,NCT 127 POSTCARD + HOLOGRAM PHOTO CARD SET - Sticker,"₩8,000",/product/nct-127-postcard-hologram-photo-card-set-sticker/13373/category/53/display/3/
13,NCT DREAM LUGGAGE STICKER SET - Café 7 DREAM,"₩15,000",/product/nct-dream-luggage-sticker-set-café-7-dream/11298/category/53/display/3/
14,WayV PHOTO + LUGGAGE STICKER SET - Miracle,"₩6,000",/product/wayv-photo-luggage-sticker-set-miracle/14513/category/53/display/3/
15,NCT DREAM STICKER PACK - Beatbox,"₩10,000",/product/nct-dream-sticker-pack-beatbox/16961/category/53/display/1/
16,NCT DREAM POSTCARD BOOK - Beatbox,"₩11,000",/product/nct-dream-postcard-book-beatbox/16960/category/53/display/1/
17,NCT DREAM 4X6 PHOTO SET - Beatbox,"₩7,000",/product/nct-dream-4x6-photo-set-beatbox/16959/category/53/display/1/
18,NCT DREAM A4 PHOTO - Beatbox,"₩11,000",/product/nct-dream-a4-photo-beatbox/16958/category/53/display/1/
19,NCT 127 6th Anniversary Acrylic Stand & AR Voice Card Set,"₩25,000",/product/nct-127-6th-anniversary-acrylic-stand-ar-voice-card-set/16900/category/53/display/1/
20,NCT 127 6th Anniversary Repackage Photo Card Set,"₩25,000",/product/nct-127-6th-anniversary-repackage-photo-card-set/16899/category/53/display/1/
21,NCT 127 6th Anniversary Cake Acrylic Griptok,"₩12,000",/product/nct-127-6th-anniversary-cake-acrylic-griptok/16898/category/53/display/1/
22,NCT 127 6th Anniversary Lucky Card Set,"₩9,000",/product/nct-127-6th-anniversary-lucky-card-set/16897/category/53/display/1/
23,NCT 127 6th Anniversary Necklace Set,"₩35,000",/product/nct-127-6th-anniversary-necklace-set/16896/category/53/display/1/
24,[NCT x SANRIO CHARACTERS]NCT MASK,"₩25,000",/product/nct-x-sanrio-charactersnct-mask/16767/category/53/display/1/
25,[NCT x SANRIO CHARACTERS]NCT MOUSE PAD,"₩5,500",/product/nct-x-sanrio-charactersnct-mouse-pad/16766/category/53/display/1/
26,[NCT x SANRIO CHARACTERS] NCT PAJAMAS,"₩35,900",/product/nct-x-sanrio-characters-nct-pajamas/16765/category/53/display/1/
27,NCT 127 NCTzen 127-ACE Membership,"₩35,000",/product/nct-127-nctzen-127-ace-membership/16449/category/53/display/1/
28,NCT DREAM NCTzen DREAM-ACE Membership,"₩35,000",/product/nct-dream-nctzen-dream-ace-membership/16447/category/53/display/1/
29,[POP-UP] NCT DREAM HOLOGRAM FILM SET - Glitch Mode,"₩5,000",/product/pop-up-nct-dream-hologram-film-set-glitch-mode/16418/category/53/display/1/
30,[POP-UP] NCT DREAM CARD HOLDER + ID CARD SET - Glitch Mode,"₩15,000",/product/pop-up-nct-dream-card-holder-id-card-set-glitch-mode/16411/category/53/display/1/
31,NCT DREAM  The 2nd Album Repackage - Beatbox (Photobook Ver.),"₩19,300 ",/product/nct-dream-the-2nd-album-repackage-beatbox-photobook-ver/16211/category/53/display/1/
32,NCT DREAM FILM SET - Glitch Mode,"₩4,000",/product/nct-dream-film-set-glitch-mode/16015/category/53/display/1/
33,NCT DREAM A4 PHOTO - Glitch Mode,"₩11,000",/product/nct-dream-a4-photo-glitch-mode/16013/category/53/display/1/
34,NCT DREAM BINDER INDEX SET - Glitch Mode,"₩10,000",/product/nct-dream-binder-index-set-glitch-mode/16003/category/53/display/1/
35,NCT DREAM BINDER + PHOTO CARD SET - Glitch Mode,"₩25,000",/product/nct-dream-binder-photo-card-set-glitch-mode/16001/category/53/display/1/
36,NCT DREAM POSTCARD + HOLOGRAM PHOTO CARD SET - Glitch Mode,"₩8,000",/product/nct-dream-postcard-hologram-photo-card-set-glitch-mode/16000/category/53/display/1/
37,NCT DREAM The 2nd Album - Glitch Mode (Photobook Ver.),"₩17,800 ",/product/nct-dream-the-2nd-album-glitch-mode-photobook-ver/15828/category/53/display/1/
38,NCT U 4X6 PHOTO + PHOTO CARD SET - Universe,"₩7,000",/product/nct-u-4x6-photo-photo-card-set-universe/15540/category/53/display/1/
39,NCT U A4 PHOTO - Universe,"₩11,000",/product/nct-u-a4-photo-universe/15539/category/53/display/1/
40,WayV 2022 SEASON'S GREETINGS PHOTO PACK,"₩11,000",/product/wayv-2022-seasons-greetings-photo-pack/15513/category/53/display/1/
41,NCT BINDER INDEX SET - Universe,"₩10,000",/product/nct-binder-index-set-universe/15286/category/53/display/1/
42,NCT BINDER + PHOTO CARD SET - Universe,"₩25,000",/product/nct-binder-photo-card-set-universe/15285/category/53/display/1/
43,NCT 127 SMCU EMBLEM BADGE - SMCU EXPRESS@KWANGYA,"₩23,000",/product/nct-127-smcu-emblem-badge-smcu-expresskwangya/15063/category/53/display/1/
44,WayV SMCU MUFFLER - SMCU EXPRESS@KWANGYA,"₩60,000",/product/wayv-smcu-muffler-smcu-expresskwangya/15052/category/53/display/1/
45,NCT DREAM SMCU MUFFLER - SMCU EXPRESS@KWANGYA,"₩60,000",/product/nct-dream-smcu-muffler-smcu-expresskwangya/15051/category/53/display/1/
46,NCT 127 SMCU MUFFLER - SMCU EXPRESS@KWANGYA,"₩60,000",/product/nct-127-smcu-muffler-smcu-expresskwangya/15050/category/53/display/1/
47,WayV PHOTO + LUGGAGE STICKER SET - Miracle,"₩6,000",/product/wayv-photo-luggage-sticker-set-miracle/14513/category/53/display/1/
48,WayV POSTCARD BOOK - Miracle,"₩9,000",/product/wayv-postcard-book-miracle/14512/category/53/display/1/
49,WayV 4X6 PHOTO SET - Miracle,"₩5,000",/product/wayv-4x6-photo-set-miracle/14510/category/53/display/1/
50,NCT 127 4X6 PHOTO SET - Earthquake,"₩9,000",/product/nct-127-4x6-photo-set-earthquake/14502/category/53/display/1/
51,NCT 127 4X6 PHOTO SET - Favorite,"₩10,000",/product/nct-127-4x6-photo-set-favorite/14130/category/53/display/1/
52,NCT The 3rd Album - Universe (Photobook ver.),"₩19,300 ",/product/nct-the-3rd-album-universe-photobook-ver/13929/category/53/display/1/
53,WayV SEASON'S GREETINGS 2022,"₩38,000 ",/product/wayv-seasons-greetings-2022/13738/category/53/display/1/
54,NCT 127 POSTCARD + HOLOGRAM PHOTO CARD SET - Sticker,"₩8,000",/product/nct-127-postcard-hologram-photo-card-set-sticker/13373/category/53/display/1/
55,NCT 127 4X6 PHOTO SET - Sticker,"₩10,000",/product/nct-127-4x6-photo-set-sticker/13371/category/53/display/1/
56,WayV STICKER PACK - UNIT,"₩10,000",/product/wayv-sticker-pack-unit/13328/category/53/display/1/
57,WayV POSTCARD + HOLOGRAM PHOTO CARD SET - UNIT,"₩8,000",/product/wayv-postcard-hologram-photo-card-set-unit/13326/category/53/display/1/
58,NCT 127 CAMPUS SET - NCIT,"₩33,000",/product/nct-127-campus-set-ncit/13166/category/53/display/1/
59,NCT 127 6th Anniversary RESTOCK HOODIE - NCIT,"₩69,000",/product/nct-127-6th-anniversary-restock-hoodie-ncit/13162/category/53/display/1/
60,WayV-TEN&YANGYANG A4 PHOTO - Low Low,"₩11,000",/product/wayv-tenyangyang-a4-photo-low-low/13047/category/53/display/1/
61,NCT DREAM Fanmeeting Beyond LIVE MINI ALBUM KEY HOLDER + PHOTO SET - HOT! SUMMER DREAM,"₩13,000",/product/nct-dream-fanmeeting-beyond-live-mini-album-key-holder-photo-set-hot-s/12870/category/53/display/1/
62,WayV ARTIST SIGNATURE RING,"₩39,000",/product/wayv-artist-signature-ring/12783/category/53/display/1/
63,NCT DREAM 3D LENTICULAR CARD SET - Hello Future,"₩7,000",/product/nct-dream-3d-lenticular-card-set-hello-future/12763/category/53/display/1/
64,NCT DREAM POSTCARD + HOLOGRAM PHOTO CARD SET - Hello Future,"₩8,000",/product/nct-dream-postcard-hologram-photo-card-set-hello-future/12760/category/53/display/1/
65,NCT DREAM A4 PHOTO - Hello Future,"₩11,000",/product/nct-dream-a4-photo-hello-future/12686/category/53/display/1/
66,NCT DREAM NOTE SET - NCT DREAM X PINKFONG,"₩8,500",/product/nct-dream-note-set-nct-dream-x-pinkfong/12601/category/53/display/1/
67,NCT DREAM REMOVABLE LUGGAGE STICKER - NCT DREAM X PINKFONG,"₩7,000",/product/nct-dream-removable-luggage-sticker-nct-dream-x-pinkfong/12599/category/53/display/1/
68,NCT DREAM The 1st Album Repackage - Hello Future (Kit Ver.),"₩19,300 ",/product/nct-dream-the-1st-album-repackage-hello-future-kit-ver/12336/category/53/display/1/
69,NCT DREAM A4 PHOTO - 맛 (Hot Sauce),"₩11,000",/product/nct-dream-a4-photo-맛-hot-sauce/12210/category/53/display/1/
70,NCT DREAM BADGE - 맛 (Hot Sauce),"₩9,000",/product/nct-dream-badge-맛-hot-sauce/12209/category/53/display/1/
71,NCT DREAM ACRYLIC KEY RING - Café 7 Dream,"₩12,000",/product/nct-dream-acrylic-key-ring-café-7-dream/11442/category/53/display/1/
72,NCT DREAM REMOVABLE LUGGAGE STICKER - Café 7 Dream,"₩7,000",/product/nct-dream-removable-luggage-sticker-café-7-dream/11441/category/53/display/1/
73,NCT DREAM LUGGAGE STICKER SET - Café 7 DREAM,"₩15,000",/product/nct-dream-luggage-sticker-set-café-7-dream/11298/category/53/display/1/
74,NCT DREAM MINI ECO BAG + PIN BADGE SET - Café 7 DREAM,"₩28,000",/product/nct-dream-mini-eco-bag-pin-badge-set-café-7-dream/11295/category/53/display/1/
75,WayV PHOTO HOLDER & KEYRING - Kick Back,"₩12,000",/product/wayv-photo-holder-keyring-kick-back/11039/category/53/display/1/
76,WayV 4X6 PHOTO SET - Kick Back,"₩9,000",/product/wayv-4x6-photo-set-kick-back/10719/category/53/display/1/
77,NCT ARTIST MASK STRAP,"₩13,000",/product/nct-artist-mask-strap/8897/category/53/display/1/
78,NCT 127 A4 POP-UP CARD - NCT #127 Neo Zone,"₩10,000",/product/nct-127-a4-pop-up-card-nct-127-neo-zone/8819/category/53/display/1/
79,NCT 127 4th ANNIVERSARY SECRET CANDLE SET,"₩35,000",/product/nct-127-4th-anniversary-secret-candle-set/7552/category/53/display/1/
80,NCT DREAM Reload (Kit Ver.),"₩19,300 ",/product/nct-dream-reload-kit-ver/7412/category/53/display/1/
81,NCT DREAM Album - Reload (Random cover ver.),"₩16,400 ",/product/nct-dream-album-reload-random-cover-ver/7125/category/53/display/1/
82,NCT 127 BINDER INDEX - NCT #127 Neo Zone,"₩6,500",/product/nct-127-binder-index-nct-127-neo-zone/7077/category/53/display/1/
83,NCT DREAM 3rd Mini Album 'We Boom' (Kihno),"₩17,800 ",/product/nct-dream-3rd-mini-album-we-boom-kihno/5450/category/53/display/1/
84,NCT PVC NAME TAG,"₩7,000",/product/nct-pvc-name-tag/4716/category/53/display/1/
85,NCT 127PORTRAIT MINI POUCH - NCT #127 WE ARE SUPERHUMAN,"₩23,000",/product/nct-127portrait-mini-pouch-nct-127-we-are-superhuman/4664/category/53/display/1/
86,NCT 127PHOTO KEYRING & PHOTO CARD SET - NCT #127 WE ARE SUPERHUMAN,"₩11,000",/product/nct-127photo-keyring-photo-card-set-nct-127-we-are-superhuman/4656/category/53/display/1/
87,NCT 127A4 PHOTO - NCT #127 WE ARE SUPERHUMAN,"₩11,000",/product/nct-127a4-photo-nct-127-we-are-superhuman/4655/category/53/display/1/
88,NCT 127 STAMP,"₩15,000",/product/nct-127-stamp/4599/category/53/display/1/
89,NCT 127BINDER INDEX - NCT #127 WE ARE SUPERHUMAN,"₩6,500",/product/nct-127binder-index-nct-127-we-are-superhuman/4592/category/53/display/1/
90,NCT 127 TYPOGRAPHIC BADGE,"₩7,500",/product/nct-127-typographic-badge/4577/category/53/display/1/
91,[ONLINE LIMITED] NCT 127 GLITTER HOLDER B - NCT #127 WE ARE SUPERHUMAN,"₩8,500",/product/online-limited-nct-127-glitter-holder-b-nct-127-we-are-superhuman/4547/category/53/display/1/
92,NCT 127 HOLOGRAM CARD HOLDER SET - NCT #127 WE ARE SUPERHUMAN,"₩11,000",/product/nct-127-hologram-card-holder-set-nct-127-we-are-superhuman/4500/category/53/display/1/
93,NCT &STORE PENCIL,"₩8,900",/product/nct-store-pencil/4165/category/53/display/1/
94,NCT 127 NCT POPUP KEY RING - TOUCH,"₩11,000",/product/nct-127-nct-popup-key-ring-touch/3150/category/53/display/1/
95,NCT NCT 2018 EMPATHY,"₩16,400 ",/product/nct-nct-2018-empathy/2590/category/53/display/1/
96,TAEYONG ARTIST BIRTHDAY INITIAL RING,"₩19,000",/product/taeyong-artist-birthday-initial-ring/16786/category/53/display/1/
97,TAEIL ARTIST BIRTHDAY INITIAL RING,"₩19,000",/product/taeil-artist-birthday-initial-ring/16358/category/53/display/1/
98,HAECHAN ARTIST BIRTHDAY INITIAL RING,"₩19,000",/product/haechan-artist-birthday-initial-ring/16357/category/53/display/1/
99,[BAKER HOUSE] NCT 127 SCRUNCHIE,"₩13,000",/product/baker-house-nct-127-scrunchie/16326/category/53/display/1/
100,[BAKER HOUSE] NCT 127 POP-UP CARD,"₩13,000",/product/baker-house-nct-127-pop-up-card/16325/category/53/display/1/
101,[BAKER HOUSE] NCT 127 ROOM KIT,"₩35,000",/product/baker-house-nct-127-room-kit/16324/category/53/display/1/
102,[BAKER HOUSE] NCT 127 PHOTO HOLDER & STICKER,"₩12,000",/product/baker-house-nct-127-photo-holder-sticker/16323/category/53/display/1/
103,[BAKER HOUSE] NCT 127 FRAME PHOTO CARD,"₩8,000",/product/baker-house-nct-127-frame-photo-card/16322/category/53/display/1/
104,[BAKER HOUSE] NCT 127 HOLOGRAM PHOTO CARD SET,"₩8,000",/product/baker-house-nct-127-hologram-photo-card-set/16321/category/53/display/1/
105,[BAKER HOUSE] NCT 127 TINCASE PHOTO SET,"₩19,000",/product/baker-house-nct-127-tincase-photo-set/16320/category/53/display/1/
106,[BAKER HOUSE] NCT 127 RANDOM PIN BUTTON,"₩5,000",/product/baker-house-nct-127-random-pin-button/16319/category/53/display/1/
107,[BAKER HOUSE] NCT 127 RANDOM RECIPE CARD PACK,"₩9,000",/product/baker-house-nct-127-random-recipe-card-pack/16318/category/53/display/1/
108,[BAKER HOUSE] NCT 127 TABLET POUCH,"₩32,000",/product/baker-house-nct-127-tablet-pouch/16295/category/53/display/1/
109,NCT 127 Beyond LIVE - NCT 127 2ND TOUR 'NEO CITY : JAPAN - THE LINK' Live Streaming,"₩49,000",/product/nct-127-beyond-live-nct-127-2nd-tour-neo-city-japan-the-link-live-stre/16223/category/53/display/1/
110,NCT DREAM  Beyond LIVE : NCT DREAM - DREAM STAGE ‘GLITCH MODE’ Live Streaming,"₩16,500",/product/nct-dream-beyond-live-nct-dream-dream-stage-glitch-mode-live-streaming/15934/category/53/display/1/
111,Beyond LIVE : NCT DREAM - DREAM STAGE ‘GLITCH MODE’Live Streaming + Album (Photobook Ver. + Digipack Ver.),"₩52,100",/product/beyond-live-nct-dream-dream-stage-glitch-modelive-streaming-album-phot/15933/category/53/display/1/
112,Beyond LIVE : NCT DREAM - DREAM STAGE ‘GLITCH MODE’Live Streaming + Album (Digipack Ver.),"₩30,100",/product/beyond-live-nct-dream-dream-stage-glitch-modelive-streaming-album-digi/15932/category/53/display/1/
113,Beyond LIVE : NCT DREAM - DREAM STAGE ‘GLITCH MODE’Live Streaming + Album (Photobook Ver.),"₩38,500",/product/beyond-live-nct-dream-dream-stage-glitch-modelive-streaming-album-phot/15931/category/53/display/1/
114,RENJUN ARTIST BIRTHDAY INITIAL RING,"₩19,000",/product/renjun-artist-birthday-initial-ring/15788/category/53/display/1/
115,NCT POSTCARD + HOLOGRAM PHOTO CARD SET - Universe,"₩8,000",/product/nct-postcard-hologram-photo-card-set-universe/15537/category/53/display/1/
116,NCT A4 PHOTO - Universe,"₩11,000",/product/nct-a4-photo-universe/15536/category/53/display/1/
117,JUNGWOO ARTIST BIRTHDAY INITIAL RING,"₩19,000",/product/jungwoo-artist-birthday-initial-ring/15438/category/53/display/1/
118,JAEHYUN ARTIST BIRTHDAY INITIAL RING,"₩19,000",/product/jaehyun-artist-birthday-initial-ring/15436/category/53/display/1/
119,JOHNNY ARTIST BIRTHDAY INITIAL RING,"₩19,000",/product/johnny-artist-birthday-initial-ring/15433/category/53/display/1/
120,JISUNG ARTIST BIRTHDAY INITIAL RING,"₩19,000",/product/jisung-artist-birthday-initial-ring/15431/category/53/display/1/
121,DOYOUNG ARTIST BIRTHDAY INITIAL RING,"₩19,000",/product/doyoung-artist-birthday-initial-ring/15429/category/53/display/1/
122,WayV 3rd Anniversary Lucky Card Set,"₩9,000",/product/wayv-3rd-anniversary-lucky-card-set/15400/category/53/display/1/
123,WayV 3rd Anniversary Necklace Set,"₩35,000",/product/wayv-3rd-anniversary-necklace-set/15399/category/53/display/1/
124,WayV 3rd Anniversary Acrylic Stand & AR Voice Card Set,"₩25,000",/product/wayv-3rd-anniversary-acrylic-stand-ar-voice-card-set/15398/category/53/display/1/
125,SMTOWN 2021 Winter SMTOWN : SMCU EXPRESS (SMTOWN Ver.),"₩31,200 ",/product/smtown-2021-winter-smtown-smcu-express-smtown-ver/14253/category/53/display/1/
126,Beyond LIVE NCT 127 2ND TOUR 'NEO CITY : SEOUL – THE LINK' FORTUNE SCRATCH SET (RANDOM),"₩3,000",/product/beyond-live-nct-127-2nd-tour-neo-city-seoul-the-link-fortune-scratch-s/14234/category/53/display/1/
127,Beyond LIVE NCT 127 2ND TOUR 'NEO CITY : SEOUL – THE LINK' SLING BAG,"₩38,000",/product/beyond-live-nct-127-2nd-tour-neo-city-seoul-the-link-sling-bag/14231/category/53/display/1/
128,Beyond LIVE NCT 127 2ND TOUR 'NEO CITY : SEOUL – THE LINK' BADGE [CONCERT ver.],"₩9,000",/product/beyond-live-nct-127-2nd-tour-neo-city-seoul-the-link-badge-concert-ver/14230/category/53/display/1/
129,Beyond LIVE NCT 127 2ND TOUR 'NEO CITY : SEOUL – THE LINK' POSTCARD BOOK,"₩9,000",/product/beyond-live-nct-127-2nd-tour-neo-city-seoul-the-link-postcard-book/14229/category/53/display/1/
130,Beyond LIVE NCT 127 2ND TOUR 'NEO CITY : SEOUL – THE LINK' [NCTzen 127 - ACE ONLY] Live Streaming + HALF ZIP-UP SWEATSHIRT,"₩111,000",/product/beyond-live-nct-127-2nd-tour-neo-city-seoul-the-link-nctzen-127-ace-on/14055/category/53/display/1/
131,Beyond LIVE NCT 127 2ND TOUR 'NEO CITY : SEOUL – THE LINK' [NCTzen 127 - ACE ONLY] Live Streaming + SLOGAN,"₩68,000",/product/beyond-live-nct-127-2nd-tour-neo-city-seoul-the-link-nctzen-127-ace-on/14054/category/53/display/1/
132,Beyond LIVE NCT 127 2ND TOUR 'NEO CITY : SEOUL – THE LINK' Live Streaming + HALF ZIP-UP SWEATSHIRT,"₩111,000",/product/beyond-live-nct-127-2nd-tour-neo-city-seoul-the-link-live-streaming-ha/14051/category/53/display/1/
133,Beyond LIVE NCT 127 2ND TOUR 'NEO CITY : SEOUL – THE LINK' Live Streaming + SLOGAN,"₩68,000",/product/beyond-live-nct-127-2nd-tour-neo-city-seoul-the-link-live-streaming-sl/14050/category/53/display/1/
134,Beyond LIVE NCT 127 2ND TOUR 'NEO CITY : SEOUL – THE LINK' Live Streaming,"₩49,000",/product/beyond-live-nct-127-2nd-tour-neo-city-seoul-the-link-live-streaming/14046/category/53/display/1/
135,Beyond LIVE NCT 127 2ND TOUR 'NEO CITY : SEOUL – THE LINK' [NCTzen 127 - ACE ONLY] Live Streaming,"₩49,000",/product/beyond-live-nct-127-2nd-tour-neo-city-seoul-the-link-nctzen-127-ace-on/14045/category/53/display/1/
136,NCT DREAM SEASON'S GREETINGS 2022,"₩38,000 ",/product/nct-dream-seasons-greetings-2022/13736/category/53/display/1/
137,XR LIVE NCT 127 SPECIAL EVENT : THE CASTLE No. 127 SWEATSHIRT,"₩56,000",/product/xr-live-nct-127-special-event-the-castle-no-127-sweatshirt/13643/category/53/display/1/
138,XR LIVE NCT 127 SPECIAL EVENT : THE CASTLE No. 127 Live Streaming + POSTCARD BOOK,"₩42,000",/product/xr-live-nct-127-special-event-the-castle-no-127-live-streaming-postcar/13572/category/53/display/1/
139,XR LIVE NCT 127 SPECIAL EVENT : THE CASTLE No. 127 Live Streaming + SWEATSHIRT,"₩89,000",/product/xr-live-nct-127-special-event-the-castle-no-127-live-streaming-sweatsh/13571/category/53/display/1/
140,NCT 127 NEO WORLD A2 POSTER - NCT 127 NEO WORLD,"₩7,000",/product/nct-127-neo-world-a2-poster-nct-127-neo-world/13569/category/53/display/1/
141,NCT 127 NEO WORLD NEO WORLD TICKET + A2 POSTER,"₩22,000",/product/nct-127-neo-world-neo-world-ticket-a2-poster/13562/category/53/display/1/
142,XR LIVE NCT DREAM SPECIAL EVENT : DREAM CINEMA POSTCARD BOOK,"₩9,000",/product/xr-live-nct-dream-special-event-dream-cinema-postcard-book/13288/category/53/display/1/
143,XR LIVE NCT DREAM SPECIAL EVENT : DREAM CINEMA SWEATSHIRT,"₩56,000",/product/xr-live-nct-dream-special-event-dream-cinema-sweatshirt/13287/category/53/display/1/
144,XR LIVE NCT DREAM SPECIAL EVENT : DREAM CINEMA Live Streaming + POSTCARD BOOK,"₩42,000",/product/xr-live-nct-dream-special-event-dream-cinema-live-streaming-postcard-b/13284/category/53/display/1/
145,XR LIVE NCT DREAM SPECIAL EVENT : DREAM CINEMA Live Streaming + SWEATSHIRT,"₩89,000",/product/xr-live-nct-dream-special-event-dream-cinema-live-streaming-sweatshirt/13283/category/53/display/1/
146,NCT DREAM Fanmeeting Beyond LIVE BADGE - HOT! SUMMER DREAM,"₩9,000",/product/nct-dream-fanmeeting-beyond-live-badge-hot-summer-dream/12867/category/53/display/1/
147,NCT DREAM ALBUM + SWEATSHIRT - Café 7 DREAM,"₩76,200",/product/nct-dream-album-sweatshirt-café-7-dream/11289/category/53/display/1/
148,NCT DREAM BADGE - 2021 BACK TO SCHOOL KIT,"₩9,000",/product/nct-dream-badge-2021-back-to-school-kit/10954/category/53/display/1/
149,NCT 127 BADGE - 2021 BACK TO SCHOOL KIT,"₩9,000",/product/nct-127-badge-2021-back-to-school-kit/10951/category/53/display/1/
150,JENO ARTIST BIRTHDAY KEYRING,"₩22,000",/product/jeno-artist-birthday-keyring/10711/category/53/display/1/
151,RENJUN ARTIST BIRTHDAY KEYRING,"₩22,000",/product/renjun-artist-birthday-keyring/10330/category/53/display/1/
152,JUNGWOO ARTIST BIRTHDAY KEYRING,"₩22,000",/product/jungwoo-artist-birthday-keyring/10054/category/53/display/1/
153,JAEHYUN ARTIST BIRTHDAY KEYRING,"₩22,000",/product/jaehyun-artist-birthday-keyring/10052/category/53/display/1/
154,JOHNNY ARTIST BIRTHDAY KEYRING,"₩22,000",/product/johnny-artist-birthday-keyring/10049/category/53/display/1/
155,JISUNG ARTIST BIRTHDAY KEYRING,"₩22,000",/product/jisung-artist-birthday-keyring/10047/category/53/display/1/
156,DOYOUNG ARTIST BIRTHDAY KEYRING,"₩22,000",/product/doyoung-artist-birthday-keyring/10045/category/53/display/1/
157,NCT ARTIST CASE - RESONANCE Pt.2,"₩25,000",/product/nct-artist-case-resonance-pt2/9756/category/53/display/1/
158,NCT DREAM SWEATSHIRT - NCT DREAM x World Scout Foundation,"₩59,000",/product/nct-dream-sweatshirt-nct-dream-x-world-scout-foundation/9563/category/53/display/1/
159,NCT DREAM ECO BAG - NCT DREAM x World Scout Foundation,"₩23,000",/product/nct-dream-eco-bag-nct-dream-x-world-scout-foundation/9562/category/53/display/1/
160,NCT ARTIST CASE - NCT RESONANCE Pt. 1,"₩25,000",/product/nct-artist-case-nct-resonance-pt-1/9059/category/53/display/1/
161,SHOTARO ARTIST BIRTHDAY NECKLACE,"₩18,000",/product/shotaro-artist-birthday-necklace/9032/category/53/display/1/
162,[MTOPIA &P!CK] TAEYONG TY ROSE PENDANT,"₩99,000",/product/mtopia-pck-taeyong-ty-rose-pendant/8405/category/53/display/1/
163,Stay At Home NCT 127 + Be on :D STICKER DECO SET,"₩17,500",/product/stay-at-home-nct-127-be-on-d-sticker-deco-set/8296/category/53/display/1/
164,NCT 127 ARTIST CASE - NCT #127 Neo Zone: The Final Round,"₩25,000",/product/nct-127-artist-case-nct-127-neo-zone-the-final-round/7599/category/53/display/1/
165,NCT 127 HOLOGRAM PHOTO CARD SET - NCT #127 Neo Zone: The Final Round,"₩8,000",/product/nct-127-hologram-photo-card-set-nct-127-neo-zone-the-final-round/7592/category/53/display/1/
166,NCT 127 4th ANNIVERSARY TEA CASE,"₩13,000",/product/nct-127-4th-anniversary-tea-case/7555/category/53/display/1/
167,NCT 127 4th ANNIVERSARY GLASS & MUDDLER SET,"₩19,000",/product/nct-127-4th-anniversary-glass-muddler-set/7554/category/53/display/1/
168,NCT 127 4th ANNIVERSARY GLITTER WATER BALL,"₩38,000",/product/nct-127-4th-anniversary-glitter-water-ball/7524/category/53/display/1/
169,JAEMIN ARTIST BIRTHDAY NECKLACE,"₩18,000",/product/jaemin-artist-birthday-necklace/7460/category/53/display/1/
170,MARK ARTIST BIRTHDAY NECKLACE,"₩18,000",/product/mark-artist-birthday-necklace/7459/category/53/display/1/
171,TAEYONG ARTIST BIRTHDAY NECKLACE,"₩18,000",/product/taeyong-artist-birthday-necklace/7456/category/53/display/1/
172,NCT DREAM ARTIST CASE - Reload,"₩25,000",/product/nct-dream-artist-case-reload/7422/category/53/display/1/
173,NCT DREAM AIRPODS CASE + KEYRING - Reload,"₩15,000",/product/nct-dream-airpods-case-keyring-reload/7421/category/53/display/1/
174,NCT DREAM HOLOGRAM PHOTO CARD SET - Reload,"₩8,000",/product/nct-dream-hologram-photo-card-set-reload/7419/category/53/display/1/
175,SMile for U NCT DREAM GRIP TOK,"₩17,000",/product/smile-for-u-nct-dream-grip-tok/7411/category/53/display/1/
176,SMile for U NCT 127 GRIP TOK,"₩17,000",/product/smile-for-u-nct-127-grip-tok/7410/category/53/display/1/
177,[A PRECIOUS MOMENT] NCT DREAM PENCIL POUCH,"₩15,000",/product/a-precious-moment-nct-dream-pencil-pouch/7319/category/53/display/1/
178,[A PRECIOUS MOMENT] NCT 127 PENCIL POUCH,"₩15,000",/product/a-precious-moment-nct-127-pencil-pouch/7318/category/53/display/1/
179,[A PRECIOUS MOMENT] NCT DREAM LETTERING ECO BAG,"₩28,000",/product/a-precious-moment-nct-dream-lettering-eco-bag/7312/category/53/display/1/
180,[A PRECIOUS MOMENT] NCT 127 LETTERING ECO BAG,"₩28,000",/product/a-precious-moment-nct-127-lettering-eco-bag/7311/category/53/display/1/
181,[A PRECIOUS MOMENT] NCT DREAM ACRYLIC ROOM KIT,"₩35,000",/product/a-precious-moment-nct-dream-acrylic-room-kit/7303/category/53/display/1/
182,[A PRECIOUS MOMENT] NCT 127 ACRYLIC ROOM KIT,"₩35,000",/product/a-precious-moment-nct-127-acrylic-room-kit/7302/category/53/display/1/
183,[A PRECIOUS MOMENT] NCT DREAM MASKING TAPE,"₩9,000",/product/a-precious-moment-nct-dream-masking-tape/7253/category/53/display/1/
184,[A PRECIOUS MOMENT] NCT 127 MASKING TAPE,"₩9,000",/product/a-precious-moment-nct-127-masking-tape/7252/category/53/display/1/
185,[A PRECIOUS MOMENT] NCT 127 PHOTO HOLDER & KEYRING,"₩12,000",/product/a-precious-moment-nct-127-photo-holder-keyring/7251/category/53/display/1/
186,TAEIL ARTIST BIRTHDAY NECKLACE,"₩18,000",/product/taeil-artist-birthday-necklace/7188/category/53/display/1/
187,HAECHAN ARTIST BIRTHDAY NECKLACE,"₩18,000",/product/haechan-artist-birthday-necklace/7187/category/53/display/1/
188,NCT 2020 ARTIST BIRTHDAY BRACELET,"₩42,000",/product/nct-2020-artist-birthday-bracelet/7175/category/53/display/1/
189,NCT DREAM TIN BUTTON MIRROR - Chewing Gum,"₩7,500",/product/nct-dream-tin-button-mirror-chewing-gum/7166/category/53/display/1/
190,NCT 127 ARTIST MULTI STRAP,"₩15,000",/product/nct-127-artist-multi-strap/7149/category/53/display/1/
191,NCT 127 ARTIST POUCH,"₩29,000",/product/nct-127-artist-pouch/7141/category/53/display/1/
192,NCT 127 ARTIST BUCKET HAT,"₩48,000",/product/nct-127-artist-bucket-hat/7133/category/53/display/1/
193,NCT 127 ARTIST CASE - NCT #127 Neo Zone,"₩25,000",/product/nct-127-artist-case-nct-127-neo-zone/7034/category/53/display/1/
194,NCT 127 AIRPODS CASE + KEYRING - NCT #127 Neo Zone,"₩15,000",/product/nct-127-airpods-case-keyring-nct-127-neo-zone/7024/category/53/display/1/
195,JENO ARTIST BIRTHDAY NECKLACE,"₩18,000",/product/jeno-artist-birthday-necklace/6882/category/53/display/1/
196,RENJUN ARTIST BIRTHDAY NECKLACE,"₩18,000",/product/renjun-artist-birthday-necklace/6877/category/53/display/1/
197,JUNGWOO ARTIST BIRTHDAY NECKLACE,"₩18,000",/product/jungwoo-artist-birthday-necklace/6738/category/53/display/1/
198,JAEHYUN ARTIST BIRTHDAY NECKLACE,"₩18,000",/product/jaehyun-artist-birthday-necklace/6736/category/53/display/1/
199,JOHNNY ARTIST BIRTHDAY NECKLACE,"₩18,000",/product/johnny-artist-birthday-necklace/6733/category/53/display/1/
200,JISUNG ARTIST BIRTHDAY NECKLACE,"₩18,000",/product/jisung-artist-birthday-necklace/6731/category/53/display/1/
201,DOYOUNG ARTIST BIRTHDAY NECKLACE,"₩18,000",/product/doyoung-artist-birthday-necklace/6728/category/53/display/1/
202,NCT CHEER UP ARTIST CASE,"₩25,000",/product/nct-cheer-up-artist-case/6714/category/53/display/1/
203,CHENLE ARTIST BIRTHDAY BRACELET,"₩12,000",/product/chenle-artist-birthday-bracelet/5946/category/53/display/1/
204,YUTA ARTIST BIRTHDAY BRACELET,"₩12,000",/product/yuta-artist-birthday-bracelet/5798/category/53/display/1/
205,NCT DREAM HOLOGRAM PHOTO CARD SET - We Boom,"₩8,000",/product/nct-dream-hologram-photo-card-set-we-boom/5716/category/53/display/1/
206,NCT DREAM ARTIST CASE - We Boom,"₩25,000",/product/nct-dream-artist-case-we-boom/5644/category/53/display/1/
207,[PANTONE SALE] NCT  2019 SM ARTIST + PANTONE™ SUMMER BLANKET,"₩25,000",/product/pantone-sale-nct-2019-sm-artist-pantone-summer-blanket/4980/category/53/display/1/
208,NCT DREAM TROPHY 3RD,"₩48,000",/product/nct-dream-trophy-3rd/4933/category/53/display/1/
209,JAEMIN ARTIST BIRTHDAY BRACELET,"₩12,000",/product/jaemin-artist-birthday-bracelet/4730/category/53/display/1/
210,[ONLINE LIMITED] NCT 127 TYPOGRAPHIC ARTIST CASE,"₩25,000",/product/online-limited-nct-127-typographic-artist-case/4614/category/53/display/1/
211,NCT 127 INFINITY RING 3rd ANNIVERSARY,"₩42,000",/product/nct-127-infinity-ring-3rd-anniversary/4580/category/53/display/1/
212,NCT 127 BIG BUTTON - NCT #127 WE ARE SUPERHUMAN,"₩9,500",/product/nct-127-big-button-nct-127-we-are-superhuman/4548/category/53/display/1/
213,NCT ZIPPER NOTE,"₩13,000",/product/nct-zipper-note/4467/category/53/display/1/
214,TAEIL ARTIST BIRTHDAY BRACELET,"₩12,000",/product/taeil-artist-birthday-bracelet/4400/category/53/display/1/
215,HAECHAN ARTIST BIRTHDAY BRACELET,"₩12,000",/product/haechan-artist-birthday-bracelet/4399/category/53/display/1/
216,NCT 127 ACRYLIC KEYRING,"₩6,500",/product/nct-127-acrylic-keyring/4085/category/53/display/1/
217,NCT ARTIST CASE,"₩25,000",/product/nct-artist-case/3705/category/53/display/1/
218,SMTOWN &STORE POSTER TUBE,"₩1,500",/product/smtown-store-poster-tube/3298/category/53/display/1/
219,NCT 127 NCT POPUP DIY PIN - TOUCH,"₩13,500",/product/nct-127-nct-popup-diy-pin-touch/3142/category/53/display/1/
220,NCT DREAM NCT POPUP DIY PIN - We Go Up,"₩13,500",/product/nct-dream-nct-popup-diy-pin-we-go-up/3141/category/53/display/1/
221,NCT DREAM NCT POPUP FRAGRANCE ORNAMENT - We Go Up,"₩23,000",/product/nct-dream-nct-popup-fragrance-ornament-we-go-up/3132/category/53/display/1/
222,NCT DREAM HOLOGRAM PHOTO CARD SET - We Go Up,"₩8,000",/product/nct-dream-hologram-photo-card-set-we-go-up/2733/category/53/display/1/
223,[PANTONE SALE] NCT  SM ARTIST + PANTONE™ SITTING CUSHION,"₩23,000",/product/pantone-sale-nct-sm-artist-pantone-sitting-cushion/1295/category/53/display/1/
224,[NCT x SANRIO CHARACTERS] NCT TWINKLE STICKER,"₩3,000",/product/nct-x-sanrio-characters-nct-twinkle-sticker/16799/category/53/display/1/
225,NCT DREAM T-SHIRT - Beatbox,"₩45,000",/product/nct-dream-t-shirt-beatbox/16779/category/53/display/1/
226,NCT DREAM POSTCARD + HOLOGRAM PHOTO CARD SET - Beatbox,"₩8,000",/product/nct-dream-postcard-hologram-photo-card-set-beatbox/16778/category/53/display/1/
227,NCT DREAM ACRYLIC KEY RING SET - Beatbox,"₩13,000",/product/nct-dream-acrylic-key-ring-set-beatbox/16777/category/53/display/1/
228,NCT DREAM ACRYLIC KEY RING + PHOTO CARD SET - Beatbox,"₩16,000",/product/nct-dream-acrylic-key-ring-photo-card-set-beatbox/16776/category/53/display/1/
229,[magazine] HAECHAN ATSTAR1 - 2022-07,"₩4,900",/product/magazine-haechan-atstar1-2022-07/16555/category/53/display/1/
230,[magazine] JUNGWOO ARENA HOMME+ - 2022-07 A,"₩7,000",/product/magazine-jungwoo-arena-homme-2022-07-a/16545/category/53/display/1/
231,[POP-UP] NCT DREAM RANDOM TRADING CARD SET (B Ver.) - Glitch Mode,"₩5,000",/product/pop-up-nct-dream-random-trading-card-set-b-ver-glitch-mode/16434/category/53/display/1/
232,[POP-UP] NCT DREAM MINI FRAME + PHOTO CARD SET - Glitch Mode,"₩10,000",/product/pop-up-nct-dream-mini-frame-photo-card-set-glitch-mode/16433/category/53/display/1/
233,[POP-UP] NCT DREAM GLITTER COLD CUP - Glitch Mode,"₩26,000",/product/pop-up-nct-dream-glitter-cold-cup-glitch-mode/16432/category/53/display/1/
234,[POP-UP] NCT DREAM TATTOO + LUGGAGE STICKER SET - Glitch Mode,"₩13,000",/product/pop-up-nct-dream-tattoo-luggage-sticker-set-glitch-mode/16431/category/53/display/1/
235,[POP-UP] NCT DREAM PHOTO SET - Glitch Mode,"₩5,000",/product/pop-up-nct-dream-photo-set-glitch-mode/16430/category/53/display/1/
236,[POP-UP] NCT DREAM MATCHING CARD GAME SET - Glitch Mode,"₩18,000",/product/pop-up-nct-dream-matching-card-game-set-glitch-mode/16419/category/53/display/1/
237,[POP-UP] NCT DREAM AIRPODS CASE PRO - Glitch Mode,"₩14,000",/product/pop-up-nct-dream-airpods-case-pro-glitch-mode/16416/category/53/display/1/
238,[POP-UP] NCT DREAM AIRPODS CASE - Glitch Mode,"₩14,000",/product/pop-up-nct-dream-airpods-case-glitch-mode/16415/category/53/display/1/
239,[POP-UP] NCT DREAM POSTCARD - Glitch Mode,"₩4,000",/product/pop-up-nct-dream-postcard-glitch-mode/16414/category/53/display/1/
240,[POP-UP] NCT DREAM ACRYLIC STAND KEY RING (ICE Ver.) - Glitch Mode,"₩19,000",/product/pop-up-nct-dream-acrylic-stand-key-ring-ice-ver-glitch-mode/16413/category/53/display/1/
241,[POP-UP] NCT DREAM ACRYLIC STAND KEY RING (GAME STORE Ver.) - Glitch Mode,"₩19,000",/product/pop-up-nct-dream-acrylic-stand-key-ring-game-store-ver-glitch-mode/16412/category/53/display/1/
242,[POP-UP] NCT DREAM BADGE - Glitch Mode,"₩9,000",/product/pop-up-nct-dream-badge-glitch-mode/16410/category/53/display/1/
243,[POP-UP] NCT DREAM T-SHIRT - Glitch Mode,"₩45,000",/product/pop-up-nct-dream-t-shirt-glitch-mode/16409/category/53/display/1/
244,[POP-UP] NCT DREAM BALL CAP + PIN BADGE SET - Glitch Mode,"₩36,000",/product/pop-up-nct-dream-ball-cap-pin-badge-set-glitch-mode/16408/category/53/display/1/
245,NCT DREAM  The 2nd Album Repackage - Beatbox (Digipack Ver.),"₩11,900 ",/product/nct-dream-the-2nd-album-repackage-beatbox-digipack-ver/16291/category/53/display/1/
246,[magazine] DOYOUNG W - 2022-05 C,"₩7,500",/product/magazine-doyoung-w-2022-05-c/16100/category/53/display/1/
247,[magazine] DOYOUNG W - 2022-05 B,"₩7,500",/product/magazine-doyoung-w-2022-05-b/16099/category/53/display/1/
248,[magazine] DOYOUNG W - 2022-05 A,"₩7,500",/product/magazine-doyoung-w-2022-05-a/16098/category/53/display/1/
249,JENO ARTIST BIRTHDAY INITIAL RING,"₩19,000",/product/jeno-artist-birthday-initial-ring/16026/category/53/display/1/
250,NCT DREAM POSTCARD BOOK - Glitch Mode,"₩10,000",/product/nct-dream-postcard-book-glitch-mode/16016/category/53/display/1/
251,NCT DREAM 4X6 PHOTO + PHOTO CARD SET - Glitch Mode,"₩7,000",/product/nct-dream-4x6-photo-photo-card-set-glitch-mode/16014/category/53/display/1/
252,WayV 3rd Anniversary Cake Acrylic Griptok,"₩12,000",/product/wayv-3rd-anniversary-cake-acrylic-griptok/15944/category/53/display/1/
253,NCT U Pendant Necklace - Universe,"₩37,000",/product/nct-u-pendant-necklace-universe/15924/category/53/display/1/
254,NCT DREAM The 2nd Album - Glitch Mode (Digipack Ver.),"₩11,000 ",/product/nct-dream-the-2nd-album-glitch-mode-digipack-ver/15906/category/53/display/1/
255,NCT U DIY CUBIC PAINTING - Universe,"₩34,000",/product/nct-u-diy-cubic-painting-universe/15875/category/53/display/1/
256,[magazine] DOYOUNG GQ KOREA - 2022-03,"₩7,000",/product/magazine-doyoung-gq-korea-2022-03/15708/category/53/display/1/
257,NCT 127 SPECIAL POSTCARD BOOK - NCIT + STICKER + FAVORITE,"₩16,000",/product/nct-127-special-postcard-book-ncit-sticker-favorite/15570/category/53/display/1/
258,NCT ID CARD + PHOTO CARD SET (RANDOM) - Universe,"₩8,000",/product/nct-id-card-photo-card-set-random-universe/15538/category/53/display/1/
259,NCT DREAM 2022 SEASON'S GREETINGS PHOTO PACK,"₩11,000",/product/nct-dream-2022-seasons-greetings-photo-pack/15512/category/53/display/1/
260,NCT 127 2022 SEASON'S GREETINGS PHOTO PACK,"₩11,000",/product/nct-127-2022-seasons-greetings-photo-pack/15511/category/53/display/1/
261,HAECHAN PHOTO STORY BOOK [NCT LIFE in Gapyeong],"₩25,000",/product/haechan-photo-story-book-nct-life-in-gapyeong/15479/category/53/display/1/
262,MARK PHOTO STORY BOOK [NCT LIFE in Gapyeong],"₩25,000",/product/mark-photo-story-book-nct-life-in-gapyeong/15478/category/53/display/1/
263,JUNGWOO PHOTO STORY BOOK [NCT LIFE in Gapyeong],"₩25,000",/product/jungwoo-photo-story-book-nct-life-in-gapyeong/15477/category/53/display/1/
264,JAEHYUN PHOTO STORY BOOK [NCT LIFE in Gapyeong],"₩25,000",/product/jaehyun-photo-story-book-nct-life-in-gapyeong/15476/category/53/display/1/
265,DOYOUNG PHOTO STORY BOOK [NCT LIFE in Gapyeong],"₩25,000",/product/doyoung-photo-story-book-nct-life-in-gapyeong/15475/category/53/display/1/
266,YUTA PHOTO STORY BOOK [NCT LIFE in Gapyeong],"₩25,000",/product/yuta-photo-story-book-nct-life-in-gapyeong/15474/category/53/display/1/
267,TAEYONG PHOTO STORY BOOK [NCT LIFE in Gapyeong],"₩25,000",/product/taeyong-photo-story-book-nct-life-in-gapyeong/15473/category/53/display/1/
268,JOHNNY PHOTO STORY BOOK [NCT LIFE in Gapyeong],"₩25,000",/product/johnny-photo-story-book-nct-life-in-gapyeong/15472/category/53/display/1/
269,TAEIL PHOTO STORY BOOK [NCT LIFE in Gapyeong],"₩25,000",/product/taeil-photo-story-book-nct-life-in-gapyeong/15471/category/53/display/1/
270,[magazine] TAEYONG W - 2022-02 C,"₩7,000",/product/magazine-taeyong-w-2022-02-c/15415/category/53/display/1/
271,[magazine] TAEYONG W - 2022-02 B,"₩7,000",/product/magazine-taeyong-w-2022-02-b/15414/category/53/display/1/
272,[magazine] TAEYONG W - 2022-02 A,"₩7,000",/product/magazine-taeyong-w-2022-02-a/15413/category/53/display/1/
273,WayV V GRIPTOK,"₩9,000",/product/wayv-v-griptok/15403/category/53/display/1/
274,WayV Rainbow V T-shirt (Black Ver.),"₩35,000",/product/wayv-rainbow-v-t-shirt-black-ver/15402/category/53/display/1/
275,WayV Tattoo + Sticker Set (2019 Ver.),"₩12,000",/product/wayv-tattoo-sticker-set-2019-ver/15401/category/53/display/1/
276,NCT U TRADING CARD SET (RANDOM) - Universe,"₩6,000",/product/nct-u-trading-card-set-random-universe/15287/category/53/display/1/
277,NCT 127 SEASON'S GREETINGS 2021,"₩42,000",/product/nct-127-seasons-greetings-2021/15241/category/53/display/1/
278,NCT DREAM SEASON'S GREETINGS 2021,"₩42,000",/product/nct-dream-seasons-greetings-2021/15234/category/53/display/1/
279,WayV 4X6 PHOTO + POSTCARD SET - SMCU EXPRESS@KWANGYA,"₩5,000",/product/wayv-4x6-photo-postcard-set-smcu-expresskwangya/15104/category/53/display/1/
280,NCT DREAM 4X6 PHOTO + POSTCARD SET - SMCU EXPRESS@KWANGYA,"₩5,000",/product/nct-dream-4x6-photo-postcard-set-smcu-expresskwangya/15103/category/53/display/1/
281,NCT 127 4X6 PHOTO + POSTCARD SET - SMCU EXPRESS@KWANGYA,"₩5,000",/product/nct-127-4x6-photo-postcard-set-smcu-expresskwangya/15102/category/53/display/1/
282,WayV KWANGYA PASSPORT SET - SMCU EXPRESS@KWANGYA,"₩25,000",/product/wayv-kwangya-passport-set-smcu-expresskwangya/15091/category/53/display/1/
283,NCT DREAM KWANGYA PASSPORT SET - SMCU EXPRESS@KWANGYA,"₩25,000",/product/nct-dream-kwangya-passport-set-smcu-expresskwangya/15090/category/53/display/1/
284,NCT 127 KWANGYA PASSPORT SET - SMCU EXPRESS@KWANGYA,"₩25,000",/product/nct-127-kwangya-passport-set-smcu-expresskwangya/15089/category/53/display/1/
285,WayV SPECIAL AR TICKET SET - SMCU EXPRESS@KWANGYA,"₩15,000",/product/wayv-special-ar-ticket-set-smcu-expresskwangya/15078/category/53/display/1/
286,NCT DREAM SPECIAL AR TICKET SET - SMCU EXPRESS@KWANGYA,"₩15,000",/product/nct-dream-special-ar-ticket-set-smcu-expresskwangya/15077/category/53/display/1/
287,NCT 127 SPECIAL AR TICKET SET - SMCU EXPRESS@KWANGYA,"₩15,000",/product/nct-127-special-ar-ticket-set-smcu-expresskwangya/15076/category/53/display/1/
288,WayV SMCU EMBLEM BADGE - SMCU EXPRESS@KWANGYA,"₩23,000",/product/wayv-smcu-emblem-badge-smcu-expresskwangya/15065/category/53/display/1/
289,NCT DREAM SMCU  EMBLEM BADGE - SMCU EXPRESS@KWANGYA,"₩23,000",/product/nct-dream-smcu-emblem-badge-smcu-expresskwangya/15064/category/53/display/1/
290,SMTOWN SMTOWN LIVE 2022 SWEATSHIRT - SMCU EXPRESS@KWANGYA,"₩56,000",/product/smtown-smtown-live-2022-sweatshirt-smcu-expresskwangya/15041/category/53/display/1/
291,WayV A4 PHOTO - Miracle,"₩11,000",/product/wayv-a4-photo-miracle/14511/category/53/display/1/
292,NCT DREAM PHOTO + LUGGAGE STICKER SET - Dreaming,"₩6,000",/product/nct-dream-photo-luggage-sticker-set-dreaming/14509/category/53/display/1/
293,NCT DREAM POSTCARD BOOK - Dreaming,"₩6,000",/product/nct-dream-postcard-book-dreaming/14508/category/53/display/1/
294,NCT DREAM A4 PHOTO - Dreaming,"₩11,000",/product/nct-dream-a4-photo-dreaming/14507/category/53/display/1/
295,NCT DREAM 4X6 PHOTO SET - Dreaming,"₩7,000",/product/nct-dream-4x6-photo-set-dreaming/14506/category/53/display/1/
296,NCT 127 PHOTO + LUGGAGE STICKER SET- Earthquake,"₩6,000",/product/nct-127-photo-luggage-sticker-set-earthquake/14505/category/53/display/1/
297,NCT 127 POSTCARD BOOK - Earthquake,"₩8,000",/product/nct-127-postcard-book-earthquake/14504/category/53/display/1/
298,NCT 127 A4 PHOTO - Earthquake,"₩11,000",/product/nct-127-a4-photo-earthquake/14503/category/53/display/1/
299,NCT 2021 Winter SMTOWN : SMCU EXPRESS (NCT - Daytime Pass),"₩13,400 ",/product/nct-2021-winter-smtown-smcu-express-nct-daytime-pass/14250/category/53/display/1/
300,NCT 2021 Winter SMTOWN : SMCU EXPRESS (NCT - Nighttime Pass),"₩13,400 ",/product/nct-2021-winter-smtown-smcu-express-nct-nighttime-pass/14245/category/53/display/1/
301,Beyond LIVE NCT 127 2ND TOUR 'NEO CITY : SEOUL – THE LINK' ID CARD + DECO STICKER SET,"₩11,000",/product/beyond-live-nct-127-2nd-tour-neo-city-seoul-the-link-id-card-deco-stic/14233/category/53/display/1/
302,Beyond LIVE NCT 127 2ND TOUR 'NEO CITY : SEOUL – THE LINK' PHOTO CARD COLLECT BOOK,"₩15,000",/product/beyond-live-nct-127-2nd-tour-neo-city-seoul-the-link-photo-card-collec/14232/category/53/display/1/
303,Beyond LIVE NCT 127 2ND TOUR 'NEO CITY : SEOUL – THE LINK' ACRYLIC STAND KEY RING,"₩19,000",/product/beyond-live-nct-127-2nd-tour-neo-city-seoul-the-link-acrylic-stand-key/14228/category/53/display/1/
304,NCT The 3rd Album - Universe (Jewel Case Ver.) (Member Cover Ver.),"₩13,600",/product/nct-the-3rd-album-universe-jewel-case-ver-member-cover-ver/14188/category/53/display/1/
305,NCT The 3rd Album - Universe (Jewel Case Ver.) (Random Cover Ver.),"₩11,000 ",/product/nct-the-3rd-album-universe-jewel-case-ver-random-cover-ver/14139/category/53/display/1/
306,NCT 127 STICKER PACK - Favorite,"₩10,000",/product/nct-127-sticker-pack-favorite/14133/category/53/display/1/
307,NCT 127 POSTCARD + HOLOGRAM PHOTO CARD SET - Favorite,"₩8,000",/product/nct-127-postcard-hologram-photo-card-set-favorite/14132/category/53/display/1/
308,NCT 127 A4 PHOTO - Favorite,"₩11,000",/product/nct-127-a4-photo-favorite/14131/category/53/display/1/
309,Beyond LIVE NCT 127 2ND TOUR 'NEO CITY : SEOUL – THE LINK' BADGE [HOLOGRAM FANLIGHT ver.],"₩9,000",/product/beyond-live-nct-127-2nd-tour-neo-city-seoul-the-link-badge-hologram-fa/14061/category/53/display/1/
310,Beyond LIVE NCT 127 2ND TOUR 'NEO CITY : SEOUL – THE LINK' NAME TAG,"₩13,000",/product/beyond-live-nct-127-2nd-tour-neo-city-seoul-the-link-name-tag/14060/category/53/display/1/
311,Beyond LIVE NCT 127 2ND TOUR 'NEO CITY : SEOUL – THE LINK' HALF ZIP-UP SWEATSHIRT,"₩62,000",/product/beyond-live-nct-127-2nd-tour-neo-city-seoul-the-link-half-zip-up-sweat/14059/category/53/display/1/
312,Beyond LIVE NCT 127 2ND TOUR 'NEO CITY : SEOUL – THE LINK' SLOGAN,"₩19,000",/product/beyond-live-nct-127-2nd-tour-neo-city-seoul-the-link-slogan/14058/category/53/display/1/
313,Beyond LIVE NCT 127 2ND TOUR 'NEO CITY : SEOUL – THE LINK' SPECIAL AR TICKET SET,"₩15,000",/product/beyond-live-nct-127-2nd-tour-neo-city-seoul-the-link-special-ar-ticket/14057/category/53/display/1/
314,XR LIVE NCT 127 SPECIAL EVENT : THE CASTLE No. 127 POSTCARD BOOK,"₩9,000",/product/xr-live-nct-127-special-event-the-castle-no-127-postcard-book/13644/category/53/display/1/
315,NCT 127 The 3rd Album Repackage - Favorite (Kit Ver.),"₩19,300 ",/product/nct-127-the-3rd-album-repackage-favorite-kit-ver/13414/category/53/display/1/
316,NCT 127 BADGE - Sticker,"₩9,000",/product/nct-127-badge-sticker/13377/category/53/display/1/
317,NCT 127 PHOTO + GLOW-IN-THE-DARK STICKER SET - Sticker,"₩10,000",/product/nct-127-photo-glow-in-the-dark-sticker-set-sticker/13376/category/53/display/1/
318,NCT 127 BINDER INDEX SET - Sticker,"₩10,000",/product/nct-127-binder-index-set-sticker/13375/category/53/display/1/
319,NCT 127 BINDER + PHOTO CARD SET - Sticker,"₩23,000",/product/nct-127-binder-photo-card-set-sticker/13374/category/53/display/1/
320,NCT 127 A4 PHOTO - Sticker,"₩11,000",/product/nct-127-a4-photo-sticker/13372/category/53/display/1/
321,WayV PHOTO + LUGGAGE STICKER SET - UNIT,"₩9,000",/product/wayv-photo-luggage-sticker-set-unit/13327/category/53/display/1/
322,NCT 127 The 3rd Album Repackage - Favorite,"₩17,800 ",/product/nct-127-the-3rd-album-repackage-favorite/13325/category/53/display/1/
323,Vending Machine NCT DREAM PIN BUTTON - We Boom,"₩2,000",/product/vending-machine-nct-dream-pin-button-we-boom/13242/category/53/display/1/
324,Vending Machine ARTIST CABLE BITE,"₩4,000",/product/vending-machine-artist-cable-bite/13236/category/53/display/1/
325,Vending Machine ARTIST HOLOGRAM STICKER,"₩6,500",/product/vending-machine-artist-hologram-sticker/13233/category/53/display/1/
326,Vending Machine ARTIST CUBIC STICKER,"₩5,500",/product/vending-machine-artist-cubic-sticker/13232/category/53/display/1/
327,Vending Machine NCT DREAM GLITTER STICKER - We Boom,"₩11,900",/product/vending-machine-nct-dream-glitter-sticker-we-boom/13226/category/53/display/1/
328,NCT 127 RANDOM PHOTO PACK - NCIT,"₩6,000",/product/nct-127-random-photo-pack-ncit/13167/category/53/display/1/
329,NCT 127 POSTCARD+PHOTO FRAME SET - NCIT,"₩9,000",/product/nct-127-postcardphoto-frame-set-ncit/13165/category/53/display/1/
330,NCT 127 REMOVABLE LAPTOP DECO STICKER SET - NCIT,"₩15,000",/product/nct-127-removable-laptop-deco-sticker-set-ncit/13164/category/53/display/1/
331,NCT 127 MUG - NCIT,"₩19,000",/product/nct-127-mug-ncit/13163/category/53/display/1/
332,WayV-TEN&YANGYANG 4X6 PHOTO SET - Low Low,"₩3,000",/product/wayv-tenyangyang-4x6-photo-set-low-low/13048/category/53/display/1/
333,WayV-TEN FILM SET - Paint Me Naked,"₩4,000",/product/wayv-ten-film-set-paint-me-naked/13034/category/53/display/1/
334,WayV-TEN A4 PHOTO - Paint Me Naked,"₩11,000",/product/wayv-ten-a4-photo-paint-me-naked/13033/category/53/display/1/
335,NCT 127 The 3rd Album - Sticker (Jewel Case Ver.),"₩11,000 ",/product/nct-127-the-3rd-album-sticker-jewel-case-ver/13031/category/53/display/1/
336,NCT 127 The 3rd Album - Sticker (Sticker Ver.),"₩19,300 ",/product/nct-127-the-3rd-album-sticker-sticker-ver/12909/category/53/display/1/
337,NCT 127 The 3rd Album - Sticker (Sticky Ver.),"₩16,400 ",/product/nct-127-the-3rd-album-sticker-sticky-ver/12908/category/53/display/1/
338,NCT 127 The 3rd Album - Sticker (Seoul City Ver.),"₩16,400 ",/product/nct-127-the-3rd-album-sticker-seoul-city-ver/12907/category/53/display/1/
339,NCT DREAM Fanmeeting Beyond LIVE MINI BAG + PHOTO CARD SET - HOT! SUMMER DREAM,"₩18,000",/product/nct-dream-fanmeeting-beyond-live-mini-bag-photo-card-set-hot-summer-dr/12872/category/53/display/1/
340,NCT DREAM Fanmeeting Beyond LIVE FILM SET - HOT! SUMMER DREAM,"₩4,000",/product/nct-dream-fanmeeting-beyond-live-film-set-hot-summer-dream/12871/category/53/display/1/
341,NCT DREAM Fanmeeting Beyond LIVE POSTCARD BOOK - HOT! SUMMER DREAM,"₩7,000",/product/nct-dream-fanmeeting-beyond-live-postcard-book-hot-summer-dream/12869/category/53/display/1/
342,NCT DREAM Fanmeeting Beyond LIVE CLEAR FAN + DECO STICKER SET -  HOT! SUMMER DREAM,"₩8,000",/product/nct-dream-fanmeeting-beyond-live-clear-fan-deco-sticker-set-hot-summer/12868/category/53/display/1/
343,NCT DREAM EPOXY GRIP TOK - Hello Future,"₩10,000",/product/nct-dream-epoxy-grip-tok-hello-future/12764/category/53/display/1/
344,NCT DREAM HOLOGRAM EPOXY STICKER + PHOTO CARD SET - Hello Future,"₩12,000",/product/nct-dream-hologram-epoxy-sticker-photo-card-set-hello-future/12762/category/53/display/1/
345,NCT DREAM PHOTO + MINI BALLOON SET - Hello Future,"₩9,000",/product/nct-dream-photo-mini-balloon-set-hello-future/12761/category/53/display/1/
346,NCT DREAM POSTCARD BOOK - Hello Future,"₩9,000",/product/nct-dream-postcard-book-hello-future/12759/category/53/display/1/
347,NCT DREAM 4X6 PHOTO SET - Hello Future,"₩8,000",/product/nct-dream-4x6-photo-set-hello-future/12685/category/53/display/1/
348,WayV-KUN&XIAOJUN FILM SET - Back To You,"₩4,000",/product/wayv-kunxiaojun-film-set-back-to-you/12646/category/53/display/1/
349,WayV-KUN&XIAOJUN A4 PHOTO - Back To You,"₩11,000",/product/wayv-kunxiaojun-a4-photo-back-to-you/12645/category/53/display/1/
350,JAEMIN ARTIST BIRTHDAY KEYRING,"₩22,000",/product/jaemin-artist-birthday-keyring/12620/category/53/display/1/
351,NCT DREAM PLAYBOOK SET - NCT DREAM X PINKFONG,"₩25,000",/product/nct-dream-playbook-set-nct-dream-x-pinkfong/12602/category/53/display/1/
352,NCT DREAM ACRYLIC KEY RING - NCT DREAM X PINKFONG,"₩11,000",/product/nct-dream-acrylic-key-ring-nct-dream-x-pinkfong/12600/category/53/display/1/
353,NCT DREAM PUFFY STICKER - NCT DREAM X PINKFONG,"₩8,000",/product/nct-dream-puffy-sticker-nct-dream-x-pinkfong/12598/category/53/display/1/
354,[magazine] SHOTARO Vogue - 2021-08 C,"₩7,000",/product/magazine-shotaro-vogue-2021-08-c/12555/category/53/display/1/
355,[magazine] SHOTARO Vogue - 2021-08 B,"₩7,000",/product/magazine-shotaro-vogue-2021-08-b/12554/category/53/display/1/
356,[magazine] SHOTARO Vogue - 2021-08 A,"₩7,000",/product/magazine-shotaro-vogue-2021-08-a/12553/category/53/display/1/
357,WayV COMMENTARY BOOK + FILM SET - WayVision 2 : Winter Sports made by WayV,"₩25,000",/product/wayv-commentary-book-film-set-wayvision-2-winter-sports-made-by-wayv/12312/category/53/display/1/
358,NCT DREAM POSTCARD BOOK - 맛 (Hot Sauce),"₩9,000",/product/nct-dream-postcard-book-맛-hot-sauce/12212/category/53/display/1/
359,NCT DREAM 4X6 PHOTO SET - 맛 (Hot Sauce),"₩8,000",/product/nct-dream-4x6-photo-set-맛-hot-sauce/12211/category/53/display/1/
360,[magazine] NCT 127 ATSTAR1 - 2021-07,"₩3,900",/product/magazine-nct-127-atstar1-2021-07/12189/category/53/display/1/
361,NCT DREAM PHOTO CARD DECO SET - 맛 (Hot Sauce),"₩9,000",/product/nct-dream-photo-card-deco-set-맛-hot-sauce/12130/category/53/display/1/
362,NCT DREAM STICKER PACK - 맛 (Hot Sauce),"₩15,000",/product/nct-dream-sticker-pack-맛-hot-sauce/12129/category/53/display/1/
363,NCT DREAM MAGNET STAND SET - 맛 (Hot Sauce),"₩13,000",/product/nct-dream-magnet-stand-set-맛-hot-sauce/12128/category/53/display/1/
364,NCT DREAM HOT SAUCE KEY RING + PHOTO CARD SET - 맛 (Hot Sauce),"₩11,000",/product/nct-dream-hot-sauce-key-ring-photo-card-set-맛-hot-sauce/12127/category/53/display/1/
365,NCT DREAM The 1st Album Repackage - Hello Future (Photo Book Ver.),"₩17,800 ",/product/nct-dream-the-1st-album-repackage-hello-future-photo-book-ver/12051/category/53/display/1/
366,NCT DREAM POSTCARD - Café 7 Dream,"₩2,000",/product/nct-dream-postcard-café-7-dream/11440/category/53/display/1/
367,NCT DREAM ACRYLIC KEY RING CHARM - Café 7 DREAM,"₩10,000",/product/nct-dream-acrylic-key-ring-charm-café-7-dream/11297/category/53/display/1/
368,NCT DREAM REUSABLE TUMBLER - Café 7 DREAM,"₩12,000",/product/nct-dream-reusable-tumbler-café-7-dream/11296/category/53/display/1/
369,NCT DREAM T-SHIRT - Café 7 DREAM,"₩35,000",/product/nct-dream-t-shirt-café-7-dream/11294/category/53/display/1/
370,NCT DREAM SWEATSHIRT - Café 7 DREAM,"₩56,000",/product/nct-dream-sweatshirt-café-7-dream/11293/category/53/display/1/
371,NCT DREAM The 1st Album - ‘맛 (Hot Sauce)’(Jewel Case Ver.),"₩11,000 ",/product/nct-dream-the-1st-album-맛-hot-saucejewel-case-ver/11254/category/53/display/1/
372,NCT DIY CUBIC PAINTING - RESONANCE Pt.2,"₩34,000",/product/nct-diy-cubic-painting-resonance-pt2/11032/category/53/display/1/
373,NCT DREAM LUGGAGE STICKER+PHOTO CARD SET - 2021 BACK TO SCHOOL KIT,"₩11,000",/product/nct-dream-luggage-stickerphoto-card-set-2021-back-to-school-kit/10955/category/53/display/1/
374,NCT DREAM HARD COVER POSTCARD BOOK - 2021 BACK TO SCHOOL KIT,"₩10,000",/product/nct-dream-hard-cover-postcard-book-2021-back-to-school-kit/10953/category/53/display/1/
375,NCT 127 LUGGAGE STICKER+PHOTO CARD SET - 2021 BACK TO SCHOOL KIT,"₩11,000",/product/nct-127-luggage-stickerphoto-card-set-2021-back-to-school-kit/10952/category/53/display/1/
376,NCT 127 HARD COVER POSTCARD BOOK - 2021 BACK TO SCHOOL KIT,"₩11,000",/product/nct-127-hard-cover-postcard-book-2021-back-to-school-kit/10950/category/53/display/1/
377,[magazine] DOYOUNG W (A ver.) - 2021-05,"₩7,500",/product/magazine-doyoung-w-a-ver-2021-05/10900/category/53/display/1/
378,NCT DREAM The 1st Album - ‘맛 (Hot Sauce)’(Photo Book Ver.),"₩16,400 ",/product/nct-dream-the-1st-album-맛-hot-saucephoto-book-ver/10872/category/53/display/1/
379,WayV STICKER PACK - Kick Back,"₩10,000",/product/wayv-sticker-pack-kick-back/10722/category/53/display/1/
380,NCTDREAM 2021 SEASON'S GREETINGS PHOTO PACK,"₩11,000",/product/nctdream-2021-seasons-greetings-photo-pack/10101/category/53/display/1/
381,NCT 127 2021 SEASON'S GREETINGS PHOTO PACK,"₩11,000",/product/nct-127-2021-seasons-greetings-photo-pack/10100/category/53/display/1/
382,NCT POSTCARD BOOK - Work It,"₩9,000",/product/nct-postcard-book-work-it/9954/category/53/display/1/
383,NCT 4X6 PHOTO SET - Work It,"₩8,000",/product/nct-4x6-photo-set-work-it/9953/category/53/display/1/
384,NCT SMARTPHONE DECO SET - Work it,"₩9,000",/product/nct-smartphone-deco-set-work-it/9952/category/53/display/1/
385,NCT TRADING CARD SET (RANDOM) - 90's Love,"₩5,000",/product/nct-trading-card-set-random-90s-love/9951/category/53/display/1/
386,NCT POSTCARD BOOK - 90’s Love,"₩9,000",/product/nct-postcard-book-90s-love/9950/category/53/display/1/
387,NCT RUBBER KEYRING - 90's Love,"₩10,000",/product/nct-rubber-keyring-90s-love/9947/category/53/display/1/
388,NCT POSTCARD BOOK - From Home,"₩10,000",/product/nct-postcard-book-from-home/9946/category/53/display/1/
389,NCT FILM SET - From Home,"₩4,000",/product/nct-film-set-from-home/9945/category/53/display/1/
390,NCT PHOTO FRAME DECO STICKER SET - From Home,"₩15,000",/product/nct-photo-frame-deco-sticker-set-from-home/9944/category/53/display/1/
391,NCT POSTCARD BOOK - Make A Wish,"₩8,000",/product/nct-postcard-book-make-a-wish/9943/category/53/display/1/
392,NCT WISH CARD SET - Make A Wish,"₩17,000",/product/nct-wish-card-set-make-a-wish/9941/category/53/display/1/
393,NCT 3D LENTICULAR CARD SET - Make A Wish,"₩7,000",/product/nct-3d-lenticular-card-set-make-a-wish/9940/category/53/display/1/
394,NCT U MINI COLLECT BOOK - Work It,"₩18,000",/product/nct-u-mini-collect-book-work-it/9801/category/53/display/1/
395,NCT U MINI COLLECT BOOK - 90's Love,"₩18,000",/product/nct-u-mini-collect-book-90s-love/9800/category/53/display/1/
396,NCT  LETTER SET - RESONANCE Pt.2,"₩8,000",/product/nct-letter-set-resonance-pt2/9755/category/53/display/1/
397,NCT ACRYLIC KEYRING -  RESONANCE Pt.2,"₩16,000",/product/nct-acrylic-keyring-resonance-pt2/9754/category/53/display/1/
398,NCT BINDER INDEX - RESONANCE Pt.2,"₩6,500",/product/nct-binder-index-resonance-pt2/9753/category/53/display/1/
399,NCT LENTICULAR PHOTO CARD SET - RESONANCE Pt.2,"₩11,000",/product/nct-lenticular-photo-card-set-resonance-pt2/9752/category/53/display/1/
400,NCT 127 2021 BACK TO SCHOOL KIT,"₩32,000",/product/nct-127-2021-back-to-school-kit/9743/category/53/display/1/
401,NCT DREAM 2021 BACK TO SCHOOL KIT,"₩32,000",/product/nct-dream-2021-back-to-school-kit/9742/category/53/display/1/
402,NCT U FILM KEYRING - Work It,"₩19,000",/product/nct-u-film-keyring-work-it/9699/category/53/display/1/
403,NCT U FILM KEYRING - 90's Love,"₩19,000",/product/nct-u-film-keyring-90s-love/9698/category/53/display/1/
404,NCT DREAM PHOTO BOOK [DREAM A DREAM],"₩39,000",/product/nct-dream-photo-book-dream-a-dream/9663/category/53/display/1/
405,NCT U FILM KEYRING - From Home,"₩19,000",/product/nct-u-film-keyring-from-home/9480/category/53/display/1/
406,NCT U FILM KEYRING - Make A Wish (Birthday Song),"₩19,000",/product/nct-u-film-keyring-make-a-wish-birthday-song/9479/category/53/display/1/
407,NCT U MINI COLLECT BOOK - From Home,"₩18,000",/product/nct-u-mini-collect-book-from-home/9478/category/53/display/1/
408,NCT U MINI COLLECT BOOK - Make A Wish (Birthday Song),"₩18,000",/product/nct-u-mini-collect-book-make-a-wish-birthday-song/9477/category/53/display/1/
409,NCT MASKING TAPE - RESONANCE Pt.1,"₩13,000",/product/nct-masking-tape-resonance-pt1/9470/category/53/display/1/
410,NCT The 2nd Album RESONANCE Pt.2 (Kit Ver.),"₩19,300 ",/product/nct-the-2nd-album-resonance-pt2-kit-ver/9411/category/53/display/1/
411,NCT DIY PIN - AUTOGRAPH PIN,"₩7,900",/product/nct-diy-pin-autograph-pin/9366/category/53/display/1/
412,NCT AIRPODS PRO CASE + KEYRING - RESONANCE Pt.1,"₩15,000",/product/nct-airpods-pro-case-keyring-resonance-pt1/9335/category/53/display/1/
413,NCT AIRPODS CASE + KEYRING - RESONANCE Pt.1,"₩15,000",/product/nct-airpods-case-keyring-resonance-pt1/9334/category/53/display/1/
414,NCT RANDOM KEYRING - RESONANCE Pt.1,"₩6,500",/product/nct-random-keyring-resonance-pt1/9333/category/53/display/1/
415,NCT BINDER INDEX - RESONANCE Pt.1,"₩6,500",/product/nct-binder-index-resonance-pt1/9332/category/53/display/1/
416,NCT HOLOGRAM PHOTO CARD SET - RESONANCE Pt.1,"₩8,000",/product/nct-hologram-photo-card-set-resonance-pt1/9331/category/53/display/1/
417,NCT DREAM A4 PHOTO - The First,"₩11,000",/product/nct-dream-a4-photo-the-first/9141/category/53/display/1/
418,NCT DREAM A4 PHOTO - We Young,"₩11,000",/product/nct-dream-a4-photo-we-young/9140/category/53/display/1/
419,NCT 127 A4 PHOTO - NEO CITY - The Origin’ PHOTO EXHIBITION,"₩11,000",/product/nct-127-a4-photo-neo-city-the-origin-photo-exhibition/9135/category/53/display/1/
420,NCT 127 POSTCARD - NEO CITY - The Origin’ PHOTO EXHIBITION,"₩2,000",/product/nct-127-postcard-neo-city-the-origin-photo-exhibition/9134/category/53/display/1/
421,NCT DREAM POP-UP FABRIC BRACELET - We Boom,"₩2,000",/product/nct-dream-pop-up-fabric-bracelet-we-boom/9133/category/53/display/1/
422,NCT ARTIST SIGNATURE RING,"₩39,000",/product/nct-artist-signature-ring/9107/category/53/display/1/
423,NCT ARTIST FANLIGHT GLASS,"₩19,000",/product/nct-artist-fanlight-glass/9067/category/53/display/1/
424,NCT PHONETAB - RESONANCE Pt.1,"₩18,000",/product/nct-phonetab-resonance-pt1/9058/category/53/display/1/
425,NCT TABLET POUCH - RESONANCE Pt.1,"₩29,000",/product/nct-tablet-pouch-resonance-pt1/9057/category/53/display/1/
426,NCT The 2nd Album RESONANCE Pt.2 (Departure Ver.),"₩19,300 ",/product/nct-the-2nd-album-resonance-pt2-departure-ver/9018/category/53/display/1/
427,NCT 127 DIY PIN - NCT #127 Neo Zone,"₩8,500",/product/nct-127-diy-pin-nct-127-neo-zone/8920/category/53/display/1/
428,NCT DREAM A4 POP-UP CARD - Reload,"₩10,000",/product/nct-dream-a4-pop-up-card-reload/8820/category/53/display/1/
429,NCT The 2nd Album RESONANCE Pt.1 (Kit Ver.),"₩19,300 ",/product/nct-the-2nd-album-resonance-pt1-kit-ver/8797/category/53/display/1/
430,[SECRET MD] NCT ELEVATOR KIT RESONANCE Pt.1,"₩26,000",/product/secret-md-nct-elevator-kit-resonance-pt1/8514/category/53/display/1/
431,NCT The 2nd Album RESONANCE Pt.1(Random cover ver.),"₩19,300 ",/product/nct-the-2nd-album-resonance-pt1random-cover-ver/8428/category/53/display/1/
432,[MTOPIA &P!CK] ROCKING AG BASIC CHAIN,"₩90,000",/product/mtopia-pck-rocking-ag-basic-chain/8416/category/53/display/1/
433,NCT DREAM HOME KIT,"₩123,000",/product/nct-dream-home-kit/8344/category/53/display/1/
434,NCT DREAM COMMENTARY BOOK + LUGGAGE TAG SET - NCT LIFE: DREAM in Wonderland,"₩25,000",/product/nct-dream-commentary-book-luggage-tag-set-nct-life-dream-in-wonderland/8026/category/53/display/1/
435,NCT DREAM FLIP BOOK - NCT LIFE: DREAM in Wonderland,"₩13,000",/product/nct-dream-flip-book-nct-life-dream-in-wonderland/8025/category/53/display/1/
436,NCT DREAM MINI BAG - NCT LIFE: DREAM in Wonderland,"₩25,000",/product/nct-dream-mini-bag-nct-life-dream-in-wonderland/8024/category/53/display/1/
437,NCT 127 Beyond LIVE [Beyond the Origin] BROCHURE,"₩24,000",/product/nct-127-beyond-live-beyond-the-origin-brochure/8020/category/53/display/1/
438,NCT DREAM Beyond LIVE [Beyond the Dream Show] BROCHURE,"₩24,000",/product/nct-dream-beyond-live-beyond-the-dream-show-brochure/8002/category/53/display/1/
439,NCT DREAM TICKET BOTTLE,"₩6,000",/product/nct-dream-ticket-bottle/7826/category/53/display/1/
440,NCT 127 TICKET BOTTLE,"₩6,000",/product/nct-127-ticket-bottle/7717/category/53/display/1/
441,NCT DREAM TOUR 'THE DREAM SHOW' KiT Video,"₩42,200",/product/nct-dream-tour-the-dream-show-kit-video/7635/category/53/display/1/
442,NCT DREAM PHOTO PROJECTION KEYRING - Reload,"₩15,000",/product/nct-dream-photo-projection-keyring-reload/7612/category/53/display/1/
443,NCT 127 STICKER PACK - NCT #127 Neo Zone: The Final Round,"₩10,000",/product/nct-127-sticker-pack-nct-127-neo-zone-the-final-round/7551/category/53/display/1/
444,NCT 127 POSTCARD BOOK - NCT #127 Neo Zone: The Final Round,"₩9,000",/product/nct-127-postcard-book-nct-127-neo-zone-the-final-round/7550/category/53/display/1/
445,NCT 127 A4 PHOTO - NCT #127 Neo Zone: The Final Round,"₩11,000",/product/nct-127-a4-photo-nct-127-neo-zone-the-final-round/7549/category/53/display/1/
446,NCT 127 4X6 PHOTO SET - NCT #127 Neo Zone: The Final Round,"₩10,000",/product/nct-127-4x6-photo-set-nct-127-neo-zone-the-final-round/7548/category/53/display/1/
447,NCT 127 BADGE - NCT #127 Neo Zone: The Final Round,"₩9,000",/product/nct-127-badge-nct-127-neo-zone-the-final-round/7547/category/53/display/1/
448,NCT 127 PUZZLE PACKAGE - NCT #127 Neo Zone: The Final Round,"₩25,000",/product/nct-127-puzzle-package-nct-127-neo-zone-the-final-round/7529/category/53/display/1/
449,NCT DREAM STICKER PACK - Reload,"₩11,000",/product/nct-dream-sticker-pack-reload/7468/category/53/display/1/
450,NCT DREAM FAN - Reload,"₩5,000",/product/nct-dream-fan-reload/7467/category/53/display/1/
451,NCT DREAM POSTCARD BOOK - Reload,"₩9,000",/product/nct-dream-postcard-book-reload/7466/category/53/display/1/
452,NCT DREAM A4 PHOTO - Reload,"₩11,000",/product/nct-dream-a4-photo-reload/7465/category/53/display/1/
453,NCT DREAM 4X6 PHOTO SET - Reload,"₩7,000",/product/nct-dream-4x6-photo-set-reload/7464/category/53/display/1/
454,NCT DREAM BADGE - Reload,"₩9,000",/product/nct-dream-badge-reload/7463/category/53/display/1/
455,NCT 127 The 2nd Album Repackage - NCT #127 Neo Zone: The Final Round (Kit Ver.),"₩19,300 ",/product/nct-127-the-2nd-album-repackage-nct-127-neo-zone-the-final-round-kit-v/7452/category/53/display/1/
456,NCT DREAM WALL SCROLL POSTER - Reload,"₩33,000",/product/nct-dream-wall-scroll-poster-reload/7446/category/53/display/1/
457,NCT DREAM PUZZLE PACKAGE - Reload,"₩25,000",/product/nct-dream-puzzle-package-reload/7445/category/53/display/1/
458,NCT DREAM NAME KEYRING - Reload,"₩6,500",/product/nct-dream-name-keyring-reload/7443/category/53/display/1/
459,NCT DREAM FRAME CASE - Reload,"₩28,000",/product/nct-dream-frame-case-reload/7442/category/53/display/1/
460,NCT DREAM TRANSPORTATION CARD - Reload,"₩5,000",/product/nct-dream-transportation-card-reload/7428/category/53/display/1/
461,NCT DREAM RANDOM KEYRING - Reload,"₩6,500",/product/nct-dream-random-keyring-reload/7426/category/53/display/1/
462,NCT DREAM BINDER INDEX - Reload,"₩6,500",/product/nct-dream-binder-index-reload/7420/category/53/display/1/
463,NCT DREAM NCT DREAM TOUR “THE DREAM SHOW” PHOTO BOOK & LIVE Album,"₩40,000",/product/nct-dream-nct-dream-tour-the-dream-show-photo-book-live-album/7377/category/53/display/1/
464,NCT ARTIST COLOR BRACELET,"₩16,000",/product/nct-artist-color-bracelet/7333/category/53/display/1/
465,NCT 127 The 2nd Album Repackage - NCT #127 Neo Zone: The Final Round (Random cover ver.),"₩17,800 ",/product/nct-127-the-2nd-album-repackage-nct-127-neo-zone-the-final-round-rando/7208/category/53/display/1/
466,NCT 127 WALL SCROLL POSTER - NCT #127 Neo Zone,"₩33,000",/product/nct-127-wall-scroll-poster-nct-127-neo-zone/7123/category/53/display/1/
467,NCT 127 POSTCARD BOOK - NCT #127 Neo Zone,"₩9,000",/product/nct-127-postcard-book-nct-127-neo-zone/7117/category/53/display/1/
468,NCT 127  PHOTO PROJECTION KEYRING - NCT #127 Neo Zone,"₩15,000",/product/nct-127-photo-projection-keyring-nct-127-neo-zone/7116/category/53/display/1/
469,NCT 127 TRANSPORTATION CARD - NCT #127 Neo Zone,"₩5,000",/product/nct-127-transportation-card-nct-127-neo-zone/7112/category/53/display/1/
470,NCT 127 The 2nd Album - NCT #127 Neo Zone (Kit Ver.),"₩19,300 ",/product/nct-127-the-2nd-album-nct-127-neo-zone-kit-ver/7062/category/53/display/1/
471,NCT 127  The 2nd Album - NCT #127 Neo Zone (T ver.),"₩19,300 ",/product/nct-127-the-2nd-album-nct-127-neo-zone-t-ver/7040/category/53/display/1/
472,NCT 127 BADGE - NCT #127 Neo Zone,"₩9,000",/product/nct-127-badge-nct-127-neo-zone/7036/category/53/display/1/
473,NCT 127 4X6 PHOTO SET - NCT #127 Neo Zone,"₩10,000",/product/nct-127-4x6-photo-set-nct-127-neo-zone/7035/category/53/display/1/
474,NCT 127 RANDOM KEYRING - NCT #127 Neo Zone,"₩6,500",/product/nct-127-random-keyring-nct-127-neo-zone/7023/category/53/display/1/
475,NCT 127 HOLOGRAM PHOTO CARD SET - NCT #127 Neo Zone,"₩8,000",/product/nct-127-hologram-photo-card-set-nct-127-neo-zone/7018/category/53/display/1/
476,NCT 127 The 2nd Album - NCT #127 Neo Zone (Random cover ver.),"₩16,400 ",/product/nct-127-the-2nd-album-nct-127-neo-zone-random-cover-ver/6974/category/53/display/1/
477,NCT TWIN LOVE RING,"₩44,000",/product/nct-twin-love-ring/6951/category/53/display/1/
478,NCT DREAM SEASON'S GREETINGS 2020 POSTER,"₩12,000",/product/nct-dream-seasons-greetings-2020-poster/6869/category/53/display/1/
479,NCT 127 SEASON'S GREETINGS 2020 POSTER,"₩12,000",/product/nct-127-seasons-greetings-2020-poster/6866/category/53/display/1/
480,NCT 127 SELFIE BOOK : NCT 127,"₩14,000",/product/nct-127-selfie-book-nct-127/6773/category/53/display/1/
481,NCT DREAM CHEER UP ROLL MASKING TAPE,"₩9,000",/product/nct-dream-cheer-up-roll-masking-tape/6725/category/53/display/1/
482,NCT 127 CHEER UP ROLL MASKING TAPE,"₩9,000",/product/nct-127-cheer-up-roll-masking-tape/6724/category/53/display/1/
483,NCT CHEER UP BRACELET,"₩25,000",/product/nct-cheer-up-bracelet/6664/category/53/display/1/
484,NCT 127 NEO CITY : SEOUL – The Origin KiT Video,"₩52,100",/product/nct-127-neo-city-seoul-the-origin-kit-video/6535/category/53/display/1/
485,NCT DREAM MESSAGE MUG,"₩24,000",/product/nct-dream-message-mug/6480/category/53/display/1/
486,NCT 127 MESSAGE MUG,"₩24,000",/product/nct-127-message-mug/6476/category/53/display/1/
487,NCT TWINKLE SILVER NECKLACE,"₩108,000",/product/nct-twinkle-silver-necklace/6389/category/53/display/1/
488,NCT DREAM 2019 FUR KEYRING,"₩19,000",/product/nct-dream-2019-fur-keyring/6381/category/53/display/1/
489,NCT 127 2019 FUR KEYRING,"₩19,000",/product/nct-127-2019-fur-keyring/6380/category/53/display/1/
490,NCT DREAM SEASON'S GREETINGS 2020,"₩42,000",/product/nct-dream-seasons-greetings-2020/6215/category/53/display/1/
491,NCT 127 SEASON'S GREETINGS 2020,"₩42,000",/product/nct-127-seasons-greetings-2020/6214/category/53/display/1/
492,NCT DREAM BANDANA,"₩15,000",/product/nct-dream-bandana/6059/category/53/display/1/
493,NCT 127  1st Tour NEO CITY : SEOUL – The Origin PHOTO BOOK & LIVE Album,"₩40,000",/product/nct-127-1st-tour-neo-city-seoul-the-origin-photo-book-live-album/5834/category/53/display/1/
494,NCT DREAM 3D L HOLDER - We Boom,"₩8,500",/product/nct-dream-3d-l-holder-we-boom/5819/category/53/display/1/
495,NCT DREAM WALL SCROLL POSTER - We Boom,"₩33,000",/product/nct-dream-wall-scroll-poster-we-boom/5814/category/53/display/1/
496,NCT DREAM PUZZLE PACKAGE - We Boom,"₩25,000",/product/nct-dream-puzzle-package-we-boom/5742/category/53/display/1/
497,NCT DREAM STAMP - We Boom,"₩15,000",/product/nct-dream-stamp-we-boom/5718/category/53/display/1/
498,NCT DREAM BINDER INDEX - We Boom,"₩6,500",/product/nct-dream-binder-index-we-boom/5717/category/53/display/1/
499,NCT DREAM TRANSPORTATION CARD - We Boom,"₩5,000",/product/nct-dream-transportation-card-we-boom/5714/category/53/display/1/
500,NCT DREAM A4 PHOTO - We Boom,"₩11,000",/product/nct-dream-a4-photo-we-boom/5711/category/53/display/1/
501,NCT DREAM 4X6 PHOTO SET - We Boom,"₩7,000",/product/nct-dream-4x6-photo-set-we-boom/5710/category/53/display/1/
502,NCT DREAM LP COASTER - We Boom,"₩9,000",/product/nct-dream-lp-coaster-we-boom/5637/category/53/display/1/
503,NCT 127LP COASTER - NCT #127 WE ARE SUPERHUMAN,"₩9,000",/product/nct-127lp-coaster-nct-127-we-are-superhuman/5511/category/53/display/1/
504,NCT 127  LP COASTER - NCT #127 Regulate,"₩9,000",/product/nct-127-lp-coaster-nct-127-regulate/5505/category/53/display/1/
505,NCT DREAM  LP COASTER - We Go Up,"₩9,000",/product/nct-dream-lp-coaster-we-go-up/5497/category/53/display/1/
506,NCT 127 LP COASTER - NCT #127 Regular-Irregular,"₩9,000",/product/nct-127-lp-coaster-nct-127-regular-irregular/5494/category/53/display/1/
507,NCT 127 LP COASTER - NCT#127 LIMITLESS,"₩9,000",/product/nct-127-lp-coaster-nct127-limitless/5490/category/53/display/1/
508,NCT DREAM LP COASTER - THE FIRST,"₩9,000",/product/nct-dream-lp-coaster-the-first/5489/category/53/display/1/
509,NCT DREAM BACK TO SCHOOL KIT,"₩32,000",/product/nct-dream-back-to-school-kit/5449/category/53/display/1/
510,NCT 127 BACK TO SCHOOL KIT,"₩32,000",/product/nct-127-back-to-school-kit/5448/category/53/display/1/
511,NCT DREAM SCOTCH T-SHIRT,"₩35,000",/product/nct-dream-scotch-t-shirt/5402/category/53/display/1/
512,NCT DREAM NIGHTGLOW KEYRING,"₩18,000",/product/nct-dream-nightglow-keyring/5401/category/53/display/1/
513,NCT DREAM NIGHTGLOW BADGE,"₩9,000",/product/nct-dream-nightglow-badge/5400/category/53/display/1/
514,NCT 127PUZZLE PACKAGE - NCT #127 WE ARE SUPERHUMAN,"₩25,000",/product/nct-127puzzle-package-nct-127-we-are-superhuman/5344/category/53/display/1/
515,NCT 127 MINI FANLIGHT KEYRING,"₩16,500",/product/nct-127-mini-fanlight-keyring/5336/category/53/display/1/
516,NCT 127 FOLDING UMBRELLA (B ver.),"₩27,500",/product/nct-127-folding-umbrella-b-ver/5330/category/53/display/1/
517,NCT 127 FOLDING UMBRELLA (A ver.),"₩27,500",/product/nct-127-folding-umbrella-a-ver/5329/category/53/display/1/
518,NCT DREAM 3rd Mini Album 'We Boom' (Random cover ver.),"₩13,400 ",/product/nct-dream-3rd-mini-album-we-boom-random-cover-ver/5322/category/53/display/1/
519,NCT 127STICKER PACK - NCT #127 WE ARE SUPERHUMAN,"₩10,000",/product/nct-127sticker-pack-nct-127-we-are-superhuman/4944/category/53/display/1/
520,NCT 127POST CARD BOOK - NCT #127 WE ARE SUPERHUMAN,"₩9,000",/product/nct-127post-card-book-nct-127-we-are-superhuman/4943/category/53/display/1/
521,NCT 127TRANSPORTATION CARD - NCT #127 WE ARE SUPERHUMAN,"₩5,000",/product/nct-127transportation-card-nct-127-we-are-superhuman/4684/category/53/display/1/
522,NCT 127  Annyeong! #SEOUL,"₩39,000",/product/nct-127-annyeong-seoul/4682/category/53/display/1/
523,NCT DREAM SAVE ME RANDOM PACK,"₩24,000",/product/nct-dream-save-me-random-pack/4657/category/53/display/1/
524,NCT 1274X6 PHOTO - NCT #127 WE ARE SUPERHUMAN,"₩9,000",/product/nct-1274x6-photo-nct-127-we-are-superhuman/4654/category/53/display/1/
525,NCT 127BADGE - NCT #127 WE ARE SUPERHUMAN,"₩9,000",/product/nct-127badge-nct-127-we-are-superhuman/4653/category/53/display/1/
526,NCT 127T-SHIRT - NCT #127 WE ARE SUPERHUMAN,"₩35,000",/product/nct-127t-shirt-nct-127-we-are-superhuman/4652/category/53/display/1/
527,NCT DREAM ACRYLIC KEYRING CHARM - SUMMER VACATION KIT,"₩7,000",/product/nct-dream-acrylic-keyring-charm-summer-vacation-kit/4640/category/53/display/1/
528,NCT DREAM BADGE - SUMMER VACATION KIT,"₩9,000",/product/nct-dream-badge-summer-vacation-kit/4639/category/53/display/1/
529,NCT DREAM 4X6 PHOTO + FILM SET - SUMMER VACATION KIT,"₩6,000",/product/nct-dream-4x6-photo-film-set-summer-vacation-kit/4638/category/53/display/1/
530,NCT DREAM POSTCARD + POLARIOD SET - SUMMER VACATION KIT,"₩5,000",/product/nct-dream-postcard-polariod-set-summer-vacation-kit/4637/category/53/display/1/
531,NCT DREAM POSTER - SUMMER VACATION KIT,"₩7,000",/product/nct-dream-poster-summer-vacation-kit/4636/category/53/display/1/
532,NCT 127 TYPOGRAPHIC LUGGAGE TAG with ALIFE,"₩14,000",/product/nct-127-typographic-luggage-tag-with-alife/4626/category/53/display/1/
533,NCT 127 MINIATURE NEO CITY TOUR BUS,"₩39,000",/product/nct-127-miniature-neo-city-tour-bus/4596/category/53/display/1/
534,NCT 127HOLOGRAM PHOTO CARD SET - NCT #127 WE ARE SUPERHUMAN,"₩8,000",/product/nct-127hologram-photo-card-set-nct-127-we-are-superhuman/4590/category/53/display/1/
535,NCT 127 TYPOGRAPHIC T-SHIRT,"₩31,000",/product/nct-127-typographic-t-shirt/4526/category/53/display/1/
536,NCT 127 TYPOGRAPHIC ECO BAG,"₩24,000",/product/nct-127-typographic-eco-bag/4522/category/53/display/1/
537,NCT 127 DAILY STICKER SET - NCT #127 WE ARE SUPERHUMAN,"₩13,000",/product/nct-127-daily-sticker-set-nct-127-we-are-superhuman/4503/category/53/display/1/
538,NCT COLOR LEATHER WALLET,"₩32,000",/product/nct-color-leather-wallet/4405/category/53/display/1/
539,NCT COLOR LEATHER BRACELET,"₩29,000",/product/nct-color-leather-bracelet/4372/category/53/display/1/
540,NCT DREAM LOVELOVE NECKLACE,"₩29,000",/product/nct-dream-lovelove-necklace/4288/category/53/display/1/
541,NCT 127 LOVELOVE NECKLACE,"₩29,000",/product/nct-127-lovelove-necklace/4287/category/53/display/1/
542,NCT DREAM LOVELOVE MULTI BRACELET,"₩32,000",/product/nct-dream-lovelove-multi-bracelet/4278/category/53/display/1/
543,NCT 127 LOVELOVE MULTI BRACELET,"₩32,000",/product/nct-127-lovelove-multi-bracelet/4277/category/53/display/1/
544,NCT DREAM LOVELOVE BROOCH,"₩12,000",/product/nct-dream-lovelove-brooch/4256/category/53/display/1/
545,NCT 127 LOVELOVE BROOCH,"₩12,000",/product/nct-127-lovelove-brooch/4255/category/53/display/1/
546,NCT DREAM HEART CHARM BRACELET,"₩12,000",/product/nct-dream-heart-charm-bracelet/4182/category/53/display/1/
547,NCT 127 HEART CHARM BRACELET,"₩12,000",/product/nct-127-heart-charm-bracelet/4176/category/53/display/1/
548,NCT DREAM 2019 NCT DREAM SUMMER VACATION KIT,"₩38,000",/product/nct-dream-2019-nct-dream-summer-vacation-kit/4172/category/53/display/1/
549,NCT 127 2019 NCT 127 SUMMER VACATION KIT,"₩38,000",/product/nct-127-2019-nct-127-summer-vacation-kit/4171/category/53/display/1/
550,NCT 127 4th Mini Album - NCT #127 WE ARE SUPERHUMAN (kihno Kit),"₩17,800 ",/product/nct-127-4th-mini-album-nct-127-we-are-superhuman-kihno-kit/4117/category/53/display/1/
551,NCT 1274th Mini Album - NCT #127 WE ARE SUPERHUMAN,"₩13,400 ",/product/nct-1274th-mini-album-nct-127-we-are-superhuman/4116/category/53/display/1/
552,NCT &STORE NOTE,"₩15,000",/product/nct-store-note/4070/category/53/display/1/
553,NCT PORTABLE FAN,"₩22,000",/product/nct-portable-fan/3996/category/53/display/1/
554,NCT POSTCARD SET - NCT 2018,"₩16,000",/product/nct-postcard-set-nct-2018/3927/category/53/display/1/
555,NCT TAPE MIRROR,"₩8,000",/product/nct-tape-mirror/3718/category/53/display/1/
556,NCT DREAM BADGE(NCT DREAM Ver.) - We Go Up,"₩9,000",/product/nct-dream-badgenct-dream-ver-we-go-up/3360/category/53/display/1/
557,NCT SEASON'S GREETING 2019,"₩42,000",/product/nct-seasons-greeting-2019/3207/category/53/display/1/
558,NCT OFFICIAL FANLIGHT,"₩38,000",/product/nct-official-fanlight/3197/category/53/display/1/
559,NCT DREAM STICKER PACK - We Go Up,"₩10,000",/product/nct-dream-sticker-pack-we-go-up/3193/category/53/display/1/
560,NCT DREAM POST CARD SET - We Go Up,"₩10,000",/product/nct-dream-post-card-set-we-go-up/3192/category/53/display/1/
561,NCT DREAM A4 PHOTO - We Go Up,"₩11,000",/product/nct-dream-a4-photo-we-go-up/3191/category/53/display/1/
562,NCT DREAM A4 PHOTO - We Go Up,"₩11,000",/product/nct-dream-a4-photo-we-go-up/3189/category/53/display/1/
563,NCT DREAM 4X6 PHOTO SET - We Go Up,"₩8,000",/product/nct-dream-4x6-photo-set-we-go-up/3188/category/53/display/1/
564,NCT 127 BADGE - NCT #127 Regulate,"₩9,000",/product/nct-127-badge-nct-127-regulate/3187/category/53/display/1/
565,NCT 127 4X6 PHOTO + POST CARD SET - NCT #127 Regular-Irregular,"₩4,000",/product/nct-127-4x6-photo-post-card-set-nct-127-regular-irregular/3176/category/53/display/1/
566,NCT 127 BINDER - NCT #127 Regulate,"₩18,000",/product/nct-127-binder-nct-127-regulate/3173/category/53/display/1/
567,NCT DREAM BINDER - We Go Up,"₩18,000",/product/nct-dream-binder-we-go-up/3171/category/53/display/1/
568,NCT NCT POPUP BELT - NCT,"₩19,000",/product/nct-nct-popup-belt-nct/3170/category/53/display/1/
569,NCT NCT POPUP MASK - NCT,"₩12,000",/product/nct-nct-popup-mask-nct/3169/category/53/display/1/
570,NCT 2018 NCT POPUP MASK - BLACK ON BLACK,"₩12,000",/product/nct-2018-nct-popup-mask-black-on-black/3167/category/53/display/1/
571,NCT 127 NCT POPUP MASK - TOUCH,"₩12,000",/product/nct-127-nct-popup-mask-touch/3166/category/53/display/1/
572,NCT U NCT POPUP MASK - BOSS,"₩12,000",/product/nct-u-nct-popup-mask-boss/3165/category/53/display/1/
573,NCT NCT POPUP HOODIE BLACK,"₩69,000",/product/nct-nct-popup-hoodie-black/3164/category/53/display/1/
574,NCT NCT POPUP HOODIE GRAY,"₩69,000",/product/nct-nct-popup-hoodie-gray/3163/category/53/display/1/
575,NCT DREAM NCT POPUP T-SHIRT - We Go Up,"₩36,000",/product/nct-dream-nct-popup-t-shirt-we-go-up/3162/category/53/display/1/
576,NCT 2018 NCT POPUP T-SHIRT - BLACK ON BLACK,"₩36,000",/product/nct-2018-nct-popup-t-shirt-black-on-black/3161/category/53/display/1/
577,NCT 127 NCT POPUP T-SHIRT - TOUCH,"₩36,000",/product/nct-127-nct-popup-t-shirt-touch/3160/category/53/display/1/
578,NCT U NCT POPUP T-SHIRT - BOSS,"₩36,000",/product/nct-u-nct-popup-t-shirt-boss/3159/category/53/display/1/
579,NCT DREAM NCT POPUP SOCKS SET - We Go Up,"₩15,000",/product/nct-dream-nct-popup-socks-set-we-go-up/3158/category/53/display/1/
580,NCT 2018 NCT POPUP SOCKS SET - BLACK ON BLACK,"₩15,000",/product/nct-2018-nct-popup-socks-set-black-on-black/3157/category/53/display/1/
581,[MD &P!CK] NCT 127 NCT POPUP SOCKS SET - TOUCH,"₩15,000",/product/md-pck-nct-127-nct-popup-socks-set-touch/3156/category/53/display/1/
582,NCT U NCT POPUP SOCKS SET - BOSS,"₩15,000",/product/nct-u-nct-popup-socks-set-boss/3155/category/53/display/1/
583,NCT DREAM NCT POPUP SOCKS - We Go Up,"₩6,800",/product/nct-dream-nct-popup-socks-we-go-up/3154/category/53/display/1/
584,NCT 2018 NCT POPUP SOCKS - BLACK ON BLACK,"₩6,800",/product/nct-2018-nct-popup-socks-black-on-black/3153/category/53/display/1/
585,NCT 127 NCT POPUP SOCKS - TOUCH,"₩6,800",/product/nct-127-nct-popup-socks-touch/3152/category/53/display/1/
586,NCT U NCT POPUP SOCKS - BOSS,"₩6,800",/product/nct-u-nct-popup-socks-boss/3151/category/53/display/1/
587,[MD &P!CK] NCT U NCT POPUP KEY RING - BOSS,"₩11,000",/product/md-pck-nct-u-nct-popup-key-ring-boss/3147/category/53/display/1/
588,NCT 127 NCT POPUP BALLPEN - TOUCH,"₩8,000",/product/nct-127-nct-popup-ballpen-touch/3146/category/53/display/1/
589,NCT DREAM NCT POPUP BALLPEN - We Go Up,"₩8,000",/product/nct-dream-nct-popup-ballpen-we-go-up/3145/category/53/display/1/
590,NCT 2018 NCT POPUP DIY PIN - BLACK ON BLACK,"₩13,500",/product/nct-2018-nct-popup-diy-pin-black-on-black/3140/category/53/display/1/
591,NCT 127 NCT POPUP BUCKET HAT - TOUCH,"₩33,000",/product/nct-127-nct-popup-bucket-hat-touch/3137/category/53/display/1/
592,NCT DREAM NCT POPUP BUCKET HAT - We Go Up,"₩33,000",/product/nct-dream-nct-popup-bucket-hat-we-go-up/3136/category/53/display/1/
593,NCT 2018 NCT POPUP BUCKET HAT - BLACK ON BLACK,"₩33,000",/product/nct-2018-nct-popup-bucket-hat-black-on-black/3135/category/53/display/1/
594,NCT U NCT POPUP BUCKET HAT - BOSS,"₩33,000",/product/nct-u-nct-popup-bucket-hat-boss/3134/category/53/display/1/
595,NCT 127 NCT POPUP FRAGRANCE ORNAMENT - TOUCH,"₩23,000",/product/nct-127-nct-popup-fragrance-ornament-touch/3133/category/53/display/1/
596,[MD &P!CK] NCT 2018 NCT POPUP FRAGRANCE ORNAMENT - BLACK ON BLACK,"₩23,000",/product/md-pck-nct-2018-nct-popup-fragrance-ornament-black-on-black/3131/category/53/display/1/
597,NCT U NCT POPUP FRAGRANCE ORNAMENT BOSS,"₩23,000",/product/nct-u-nct-popup-fragrance-ornament-boss/3130/category/53/display/1/
598,NCT NCT POPUP STICKER PACK hologram Ver.,"₩9,000",/product/nct-nct-popup-sticker-pack-hologram-ver/3129/category/53/display/1/
599,NCT 127 NCT POPUP SACOCHE BAG TOUCH,"₩28,000",/product/nct-127-nct-popup-sacoche-bag-touch/3127/category/53/display/1/
600,NCT 2018 NCT POPUP SACOCHE BAG - BLACK ON BLACK,"₩28,000",/product/nct-2018-nct-popup-sacoche-bag-black-on-black/3125/category/53/display/1/
601,NCT U NCT POPUP SACOCHE BAG - BOSS,"₩28,000",/product/nct-u-nct-popup-sacoche-bag-boss/3124/category/53/display/1/
602,NCT DREAM NCT POPUP STICKY NOTE - We Go Up,"₩5,500",/product/nct-dream-nct-popup-sticky-note-we-go-up/3122/category/53/display/1/
603,NCT 127 NCT POPUP CUSHION - TOUCH,"₩32,000",/product/nct-127-nct-popup-cushion-touch/3119/category/53/display/1/
604,[MD &P!CK] NCT DREAM NCT POPUP CUSHION - We Go Up,"₩32,000",/product/md-pck-nct-dream-nct-popup-cushion-we-go-up/3118/category/53/display/1/
605,NCT 2018 NCT POPUP CUSHION - BLACK ON BLACK,"₩32,000",/product/nct-2018-nct-popup-cushion-black-on-black/3117/category/53/display/1/
606,NCT U NCT POPUP CUSHION - BOSS,"₩32,000",/product/nct-u-nct-popup-cushion-boss/3116/category/53/display/1/
607,NCT 127 NAME STAMP,"₩5,500",/product/nct-127-name-stamp/3110/category/53/display/1/
608,NCT 127 PASSPORT WALLET - NCT #127 Regular-Irregular,"₩20,000",/product/nct-127-passport-wallet-nct-127-regular-irregular/3109/category/53/display/1/
609,NCT 127 BINDER INDEX - NCT #127 Regulate,"₩6,500",/product/nct-127-binder-index-nct-127-regulate/3106/category/53/display/1/
610,NCT 127 HOLOGRAM PHOTO CARD SET - NCT #127 Regular-Irregular,"₩8,000",/product/nct-127-hologram-photo-card-set-nct-127-regular-irregular/2736/category/53/display/1/
611,NCT DREAM BOOKMARK - We Go Up,"₩5,000",/product/nct-dream-bookmark-we-go-up/2732/category/53/display/1/
612,NCT 2018 WIDE TAPE - EMPATHY,"₩7,900",/product/nct-2018-wide-tape-empathy/2716/category/53/display/1/
613,NCT DREAM The 2nd Mini Album - We Go Up,"₩13,400 ",/product/nct-dream-the-2nd-mini-album-we-go-up/2591/category/53/display/1/
614,NCT DREAM The 1st Mini Album - We Young,"₩13,400 ",/product/nct-dream-the-1st-mini-album-we-young/2589/category/53/display/1/
615,NCT DREAM The 1st Single Album - The First (Kihno Kit),"₩12,200 ",/product/nct-dream-the-1st-single-album-the-first-kihno-kit/2588/category/53/display/1/
616,NCT 127 The 2nd Mini Album - NCT#127 LIMITLESS (Kihno Kit),"₩12,200 ",/product/nct-127-the-2nd-mini-album-nct127-limitless-kihno-kit/2587/category/53/display/1/
617,NCT 127 The 3rd Mini Album - NCT#127 CHERRY BOMB,"₩14,100 ",/product/nct-127-the-3rd-mini-album-nct127-cherry-bomb/2586/category/53/display/1/
618,NCT DREAM The 1st Single Album - The First,"₩10,400 ",/product/nct-dream-the-1st-single-album-the-first/2585/category/53/display/1/
619,NCT 127 The 2nd Mini Album - NCT#127 LIMITLESS,"₩16,400 ",/product/nct-127-the-2nd-mini-album-nct127-limitless/2584/category/53/display/1/
620,NCT 127 The 1st Mini Album - NCT#127,"₩12,500 ",/product/nct-127-the-1st-mini-album-nct127/2583/category/53/display/1/
621,NCT 127 The 1st Album Repackage - NCT #127 Regulate(Random cover ver.),"₩17,800 ",/product/nct-127-the-1st-album-repackage-nct-127-regulaterandom-cover-ver/695/category/53/display/1/
622,NCT 127 The 1st Album - NCT #127 Regular-Irregular,"₩16,400 ",/product/nct-127-the-1st-album-nct-127-regular-irregular/694/category/53/display/1/
623,NCT 127  TO THE COLORING WORLD!,"₩15,000",/product/nct-127-to-the-coloring-world/87/category/53/display/1/
624,Beyond LIVE NCT 127 2ND TOUR 'NEO CITY : SEOUL – THE LINK' [NCTzen 127 - ACE ONLY] Live Streaming + OFFICIAL FANLIGHT,"₩84,000",/product/beyond-live-nct-127-2nd-tour-neo-city-seoul-the-link-nctzen-127-ace-on/14056/category/53/display/1/
625,Beyond LIVE NCT 127 2ND TOUR 'NEO CITY : SEOUL – THE LINK' [NCTzen 127 - ACE ONLY] Live Streaming + SPECIAL AR TICKET SET,"₩64,000",/product/beyond-live-nct-127-2nd-tour-neo-city-seoul-the-link-nctzen-127-ace-on/14053/category/53/display/1/
626,Beyond LIVE NCT 127 2ND TOUR 'NEO CITY : SEOUL – THE LINK' Live Streaming + OFFICIAL FANLIGHT,"₩84,000",/product/beyond-live-nct-127-2nd-tour-neo-city-seoul-the-link-live-streaming-of/14052/category/53/display/1/
627,Beyond LIVE NCT 127 2ND TOUR 'NEO CITY : SEOUL – THE LINK' Live Streaming + SPECIAL AR TICKET SET,"₩64,000",/product/beyond-live-nct-127-2nd-tour-neo-city-seoul-the-link-live-streaming-sp/14049/category/53/display/1/
628,NCT 127 SEASON'S GREETINGS 2022,"₩38,000 ",/product/nct-127-seasons-greetings-2022/13735/category/53/display/1/
629,XR LIVE NCT 127 SPECIAL EVENT : THE CASTLE No. 127 4X6 PHOTO + PHOTO CARD SET,"₩7,000",/product/xr-live-nct-127-special-event-the-castle-no-127-4x6-photo-photo-card-s/13645/category/53/display/1/
630,XR LIVE NCT 127 SPECIAL EVENT : THE CASTLE No. 127 SPECIAL AR TICKET SET,"₩13,000",/product/xr-live-nct-127-special-event-the-castle-no-127-special-ar-ticket-set/13642/category/53/display/1/
631,XR LIVE NCT 127 SPECIAL EVENT : THE CASTLE No. 127 Live Streaming + 4X6 PHOTO + PHOTO CARD SET,"₩40,000",/product/xr-live-nct-127-special-event-the-castle-no-127-live-streaming-4x6-pho/13573/category/53/display/1/
632,XR LIVE NCT 127 SPECIAL EVENT : THE CASTLE No. 127 Live Streaming + SPECIAL AR TICKET SET,"₩46,000",/product/xr-live-nct-127-special-event-the-castle-no-127-live-streaming-special/13570/category/53/display/1/
633,XR LIVE NCT DREAM SPECIAL EVENT : DREAM CINEMA 4X6 PHOTO + PHOTO CARD SET,"₩7,000",/product/xr-live-nct-dream-special-event-dream-cinema-4x6-photo-photo-card-set/13289/category/53/display/1/
634,XR LIVE NCT DREAM SPECIAL EVENT : DREAM CINEMA SPECIAL AR TICKET SET,"₩13,000",/product/xr-live-nct-dream-special-event-dream-cinema-special-ar-ticket-set/13286/category/53/display/1/
635,XR LIVE NCT DREAM SPECIAL EVENT : DREAM CINEMA Live Streaming + 4X6 PHOTO + PHOTO CARD SET,"₩40,000",/product/xr-live-nct-dream-special-event-dream-cinema-live-streaming-4x6-photo-/13285/category/53/display/1/
636,XR LIVE NCT DREAM SPECIAL EVENT : DREAM CINEMA Live Streaming + SPECIAL AR TICKET SET,"₩46,000",/product/xr-live-nct-dream-special-event-dream-cinema-live-streaming-special-ar/13282/category/53/display/1/
637,Vending Machine ARTIST WAPEN KEY RING,"₩4,000",/product/vending-machine-artist-wapen-key-ring/13239/category/53/display/1/
638,CHENLE ARTIST BIRTHDAY KEYRING,"₩22,000",/product/chenle-artist-birthday-keyring/13136/category/53/display/1/
639,SUNGCHAN ARTIST BIRTHDAY KEYRING,"₩22,000",/product/sungchan-artist-birthday-keyring/12953/category/53/display/1/
640,MARK ARTIST BIRTHDAY KEYRING,"₩22,000",/product/mark-artist-birthday-keyring/12618/category/53/display/1/
641,TAEYONG ARTIST BIRTHDAY KEYRING,"₩22,000",/product/taeyong-artist-birthday-keyring/12346/category/53/display/1/
642,TAEIL ARTIST BIRTHDAY KEYRING,"₩22,000",/product/taeil-artist-birthday-keyring/11840/category/53/display/1/
643,HAECHAN ARTIST BIRTHDAY KEYRING,"₩22,000",/product/haechan-artist-birthday-keyring/11839/category/53/display/1/
644,NCT DREAM ALBUM + REUSABLE TUMBLER - Café 7 DREAM,"₩32,200",/product/nct-dream-album-reusable-tumbler-café-7-dream/11292/category/53/display/1/
645,NCT DREAM ALBUM + MINI ECO BAG + PIN BADGE SET - Café 7 DREAM,"₩48,200",/product/nct-dream-album-mini-eco-bag-pin-badge-set-café-7-dream/11291/category/53/display/1/
646,NCT DREAM ALBUM + T-SHIRT - Café 7 DREAM,"₩55,200",/product/nct-dream-album-t-shirt-café-7-dream/11290/category/53/display/1/
647,ZODIAC SIGN TUMBLER + NCT DREAM KEYRING,"₩18,000",/product/zodiac-sign-tumbler-nct-dream-keyring/10424/category/53/display/1/
648,ZODIAC SIGN TUMBLER + NCT 127 KEYRING,"₩18,000",/product/zodiac-sign-tumbler-nct-127-keyring/10423/category/53/display/1/
649,NCT 4X6 PHOTO SET - Make A Wish,"₩8,000",/product/nct-4x6-photo-set-make-a-wish/9942/category/53/display/1/
650,NCT TRANSPORTATION CARD - RESONANCE Pt.2,"₩5,000",/product/nct-transportation-card-resonance-pt2/9627/category/53/display/1/
651,NCT The 2nd Album RESONANCE Pt.2 (Arrival Ver.),"₩19,300 ",/product/nct-the-2nd-album-resonance-pt2-arrival-ver/9152/category/53/display/1/
652,NCT 127 DIY PIN - NCT #127 Neo Zone: The Final Round,"₩15,000",/product/nct-127-diy-pin-nct-127-neo-zone-the-final-round/8922/category/53/display/1/
653,Home Cafe ARTIST TICKET BOTTLE + KOMBUCHA SET,"₩13,500",/product/home-cafe-artist-ticket-bottle-kombucha-set/8781/category/53/display/1/
654,Stay At Home NCT 127 + LUCALAB DIARY DECO SET,"₩23,800",/product/stay-at-home-nct-127-lucalab-diary-deco-set/8294/category/53/display/1/
655,[CELEB &P!CK] JOHNNY PINOT NOIR GLASS - GREEN,"₩150,000",/product/celeb-pck-johnny-pinot-noir-glass-green/8285/category/53/display/1/
656,Vending Machine NCT 127 ARTIST STRAP,"₩19,000",/product/vending-machine-nct-127-artist-strap/7657/category/53/display/1/
657,[A PRECIOUS MOMENT] NCT 127 ROOM AND FABRIC SPRAY,"₩75,000",/product/a-precious-moment-nct-127-room-and-fabric-spray/7304/category/53/display/1/
658,[A PRECIOUS MOMENT] NCT DREAM PHOTO HOLDER & KEYRING,"₩12,000",/product/a-precious-moment-nct-dream-photo-holder-keyring/7250/category/53/display/1/
659,[PANTONE SALE] NCT  2019 SM ARTIST + PANTONE™ PVC POUCH,"₩13,000",/product/pantone-sale-nct-2019-sm-artist-pantone-pvc-pouch/5446/category/53/display/1/
660,[PANTONE SALE] NCT  2019 SM ARTIST + PANTONE™ SHOPPING BAG SET,"₩7,500",/product/pantone-sale-nct-2019-sm-artist-pantone-shopping-bag-set/5354/category/53/display/1/
661,[PANTONE SALE] NCT  2019 SM ARTIST + PANTONE™ REUSABLE CUP SET,"₩16,000",/product/pantone-sale-nct-2019-sm-artist-pantone-reusable-cup-set/4995/category/53/display/1/
662,[PANTONE SALE] NCT  2019 SM ARTIST + PANTONE™ LIVING PERFUME,"₩18,000",/product/pantone-sale-nct-2019-sm-artist-pantone-living-perfume/4989/category/53/display/1/
663,[PANTONE SALE] NCT  2019 SM ARTIST + PANTONE™ TUMBLER,"₩18,000",/product/pantone-sale-nct-2019-sm-artist-pantone-tumbler/4975/category/53/display/1/
664,[PANTONE SALE] NCT  2019 SM ARTIST + PANTONE™ NECK PILLOW,"₩19,000",/product/pantone-sale-nct-2019-sm-artist-pantone-neck-pillow/4966/category/53/display/1/
665,[PANTONE SALE] NCT  2019 SM ARTIST + PANTONE™ ZIP NOTE,"₩13,000",/product/pantone-sale-nct-2019-sm-artist-pantone-zip-note/4963/category/53/display/1/
666,NCT DREAM LEATHER KEYRING 3RD,"₩19,000",/product/nct-dream-leather-keyring-3rd/4936/category/53/display/1/
667,NCT DREAM INFINITY RING 3RD,"₩42,000",/product/nct-dream-infinity-ring-3rd/4935/category/53/display/1/
668,NCT DREAM LOCKET PENDANT 3RD,"₩29,000",/product/nct-dream-locket-pendant-3rd/4934/category/53/display/1/
669,NCT 127 TYPOGRAPHIC TRAVEL ORGANIZER with ALIFE,"₩23,000",/product/nct-127-typographic-travel-organizer-with-alife/4620/category/53/display/1/
670,TAEYONG ARTIST BIRTHDAY BRACELET,"₩12,000",/product/taeyong-artist-birthday-bracelet/4587/category/53/display/1/
671,NCT 127 LOCKET PENDANT 3rd ANNIVERSARY,"₩29,000",/product/nct-127-locket-pendant-3rd-anniversary/4583/category/53/display/1/
672,NCT 127 TROPHY 3rd ANNIVERSARY,"₩48,000",/product/nct-127-trophy-3rd-anniversary/4582/category/53/display/1/
673,NCT 127 LEATHER KEYRING 3RD ANNIVERSARY,"₩19,000",/product/nct-127-leather-keyring-3rd-anniversary/4581/category/53/display/1/
674,NCT 127 FRAME CASE - NCT #127 WE ARE SUPERHUMAN,"₩28,000",/product/nct-127-frame-case-nct-127-we-are-superhuman/4546/category/53/display/1/
675,NCT KOMBUCHA - LEMON,"₩7,500",/product/nct-kombucha-lemon/4469/category/53/display/1/
676,NCT 127 LOVELOVE KEYRING,"₩25,000",/product/nct-127-lovelove-keyring/4302/category/53/display/1/
677,NCT DREAM LOVELOVE KEYRING,"₩25,000",/product/nct-dream-lovelove-keyring/4298/category/53/display/1/
678,NCT DREAM LOVELOVE HAIR PIN SET,"₩9,000",/product/nct-dream-lovelove-hair-pin-set/4268/category/53/display/1/
679,NCT 127 LOVELOVE HAIR PIN SET,"₩9,000",/product/nct-127-lovelove-hair-pin-set/4267/category/53/display/1/
680,NCT 127 ARTIST MOOD LIGHT,"₩33,000",/product/nct-127-artist-mood-light/4155/category/53/display/1/
681,NCT DREAM ARTIST MOOD LIGHT,"₩33,000",/product/nct-dream-artist-mood-light/4154/category/53/display/1/
682,NCT DREAM BADGE - We Go Up,"₩9,000",/product/nct-dream-badge-we-go-up/3190/category/53/display/1/
683,NCT DREAM NCT POPUP MASK - We Go Up,"₩12,000",/product/nct-dream-nct-popup-mask-we-go-up/3168/category/53/display/1/
684,NCT DREAM NCT POPUP KEY RING We Go Up,"₩11,000",/product/nct-dream-nct-popup-key-ring-we-go-up/3149/category/53/display/1/
685,NCT 2018 NCT POPUP KEY RING - BLACK ON BLACK,"₩11,000",/product/nct-2018-nct-popup-key-ring-black-on-black/3148/category/53/display/1/
686,NCT 2018 NCT POPUP BALLPEN - BLACK ON BLACK,"₩8,000",/product/nct-2018-nct-popup-ballpen-black-on-black/3144/category/53/display/1/
687,NCT U NCT POPUP BALLPEN - BOSS,"₩8,000",/product/nct-u-nct-popup-ballpen-boss/3143/category/53/display/1/
688,NCT U NCT POPUP DIY PIN - BOSS,"₩13,500",/product/nct-u-nct-popup-diy-pin-boss/3139/category/53/display/1/
689,NCT 2018 NCT POPUP BUCKET HAT - NCT,"₩33,000",/product/nct-2018-nct-popup-bucket-hat-nct/3138/category/53/display/1/
690,NCT NCT POPUP STICKER PACK color Ver.,"₩9,000",/product/nct-nct-popup-sticker-pack-color-ver/3128/category/53/display/1/
691,[MD &P!CK] NCT DREAM NCT POPUP SACOCHE BAG - We Go Up,"₩28,000",/product/md-pck-nct-dream-nct-popup-sacoche-bag-we-go-up/3126/category/53/display/1/
692,NCT 127 NCT POPUP STICKY NOTE - TOUCH,"₩5,500",/product/nct-127-nct-popup-sticky-note-touch/3123/category/53/display/1/
693,NCT 2018 NCT POPUP STICKY NOTE - BLACK ON BLACK,"₩5,500",/product/nct-2018-nct-popup-sticky-note-black-on-black/3121/category/53/display/1/
694,NCT U NCT POPUP STICKY NOTE - BOSS,"₩5,500",/product/nct-u-nct-popup-sticky-note-boss/3120/category/53/display/1/
695,[PANTONE SALE] NCT  SM ARTIST + PANTONE™ BINDER,"₩15,000",/product/pantone-sale-nct-sm-artist-pantone-binder/1355/category/53/display/1/
696,[PANTONE SALE] NCT  SM ARTIST + PANTONE™ SPRING NOTE,"₩8,000",/product/pantone-sale-nct-sm-artist-pantone-spring-note/1346/category/53/display/1/
697,[PANTONE SALE] NCT  SM ARTIST + PANTONE™ POST CARD,"₩5,000",/product/pantone-sale-nct-sm-artist-pantone-post-card/1337/category/53/display/1/
698,[PANTONE SALE] NCT  SM ARTIST + PANTONE™ LUGGAGE NAME TAG,"₩11,000",/product/pantone-sale-nct-sm-artist-pantone-luggage-name-tag/1328/category/53/display/1/
699,[PANTONE SALE] NCT DREAM  SM ARTIST + PANTONE™ PHOTO NOTE,"₩15,000",/product/pantone-sale-nct-dream-sm-artist-pantone-photo-note/1318/category/53/display/1/
700,[PANTONE SALE] NCT 127  SM ARTIST + PANTONE™  PHOTO WEEKLY PLANNER,"₩13,000",/product/pantone-sale-nct-127-sm-artist-pantone-photo-weekly-planner/1309/category/53/display/1/
701,[PANTONE SALE] NCT  SM ARTIST + PANTONE™ BLANKET,"₩28,000",/product/pantone-sale-nct-sm-artist-pantone-blanket/1291/category/53/display/1/
702,[PANTONE SALE] NCT  SM ARTIST + PANTONE™ DIY PIN,"₩7,500",/product/pantone-sale-nct-sm-artist-pantone-diy-pin/1279/category/53/display/1/
703,WayV PHOTO + LUGGAGE STICKER SET - Miracle,"₩6,000",/product/wayv-photo-luggage-sticker-set-miracle/14513/category/53/display/2/
704,WayV POSTCARD BOOK - Miracle,"₩9,000",/product/wayv-postcard-book-miracle/14512/category/53/display/2/
705,WayV 4X6 PHOTO SET - Miracle,"₩5,000",/product/wayv-4x6-photo-set-miracle/14510/category/53/display/2/
706,NCT 127 TYPOGRAPHIC BADGE,"₩7,500",/product/nct-127-typographic-badge/4577/category/53/display/2/
707,NCT ARTIST CASE - RESONANCE Pt.2,"₩25,000",/product/nct-artist-case-resonance-pt2/9756/category/53/display/2/
708,WayV A4 PHOTO - Miracle,"₩11,000",/product/wayv-a4-photo-miracle/14511/category/53/display/2/
709,NCT DREAM RANDOM KEYRING - Reload,"₩6,500",/product/nct-dream-random-keyring-reload/7426/category/53/display/2/
710,NCT DREAM ACRYLIC KEYRING CHARM - SUMMER VACATION KIT,"₩7,000",/product/nct-dream-acrylic-keyring-charm-summer-vacation-kit/4640/category/53/display/2/
711,NCT COLOR LEATHER BRACELET,"₩29,000",/product/nct-color-leather-bracelet/4372/category/53/display/2/
